大希地火山石烤肠 肉肠1016g/20根 早餐火腿肠香肠热狗空气炸锅烧烤食材,39.90,大希地京东自营旗舰店,https://mall.jd.com/index-1000330783.html?from=pc,https://item.jd.com/100009776117.html,京东自营,100009776117,200万+,
泰森(Tyson) 奥尔良鸡翅中 1.2kg,95.88,山姆会员商店官方旗舰店,https://mall.jd.com/index-598847.html?from=pc,https://item.jd.com/41511086604.html,598847,41511086604,20万+,
SAMSwift 芝士牛肉卷 840g(280g*3) -,79.08,山姆会员商店官方旗舰店,https://mall.jd.com/index-598847.html?from=pc,https://item.jd.com/10067799312943.html,598847,10067799312943,5万+,
山姆 安格斯牛肉芝士汉堡 1.05kg(6份),107.88,山姆会员商店官方旗舰店,https://mall.jd.com/index-598847.html?from=pc,https://item.jd.com/10061685486933.html,598847,10061685486933,5万+,
饭乎速食广式腊肠饭155.5g速食米饭预制菜食品半成品自热米饭户外宿舍,9.90,饭乎京东自营旗舰店,https://mall.jd.com/index-1000392861.html?from=pc,https://item.jd.com/100016689903.html,京东自营,100016689903,20万+,
饭乎煲仔饭10盒配多功能电煮锅方便速食米饭预制菜方便食品自热米饭面,179.90,饭乎京东自营旗舰店,https://mall.jd.com/index-1000392861.html?from=pc,https://item.jd.com/100044176125.html,京东自营,100044176125,20万+,
美好 农家小酥肉原味1kg 猪肉酥肉 预制菜方便菜半成品菜空气炸锅食材,56.90,美好生鲜类目京东自营旗舰店,https://mall.jd.com/index-1000332923.html?from=pc,https://item.jd.com/100007394573.html,京东自营,100007394573,20万+,
董到家大董烤鸭半只片片鸭元气鸭汤版北京烤鸭片皮烤鸭预制菜肴快手菜 大董烤鸭半只片片鸭风味版630g,159.00,董到家旗舰店,https://mall.jd.com/index-780494.html?from=pc,https://item.jd.com/10100577700870.html,780494,10100577700870,2000+,
海文铭 福州正宗金汤佛跳墙1600g大盆菜海参鲍鱼花胶海鲜年夜饭预制菜,149.00,海文铭京东自营旗舰店,https://mall.jd.com/index-1000087062.html?from=pc,https://item.jd.com/7474788.html,京东自营,7474788,20万+,
天海藏金汤佛跳墙240g*6罐 预制菜加热即食海参鲍鱼大盆菜方便菜年货,99.90,天海藏京东自营官方旗舰店,https://mall.jd.com/index-1000097581.html?from=pc,https://item.jd.com/100024775318.html,京东自营,100024775318,5万+,
逮虾记九五鲜虾饼虾排早餐虾滑半成品0脂代餐主食品海鲜预制菜肴240g,69.00,逮虾记京东自营旗舰店,https://mall.jd.com/index-1000402901.html?from=pc,https://item.jd.com/100017594609.html,京东自营,100017594609,20万+,
同庆楼招牌臭鳜鱼 640g (含240g料理包) 净膛腌制 安徽特产海鲜 徽菜,89.90,同庆楼生鲜京东自营旗舰店,https://mall.jd.com/index-1000450186.html?from=pc,https://item.jd.com/100056975523.html,京东自营,100056975523,2万+,
谷言 预制菜 料理包15种肉食套餐 冷冻生鲜 方便一人食 加热即食,113.00,谷言京东自营旗舰店,https://mall.jd.com/index-1000106427.html?from=pc,https://item.jd.com/100005485240.html,京东自营,100005485240,10万+,
叮叮懒人菜酸菜鱼 500g*3 鲜活黑鱼片半成品方便速食冷冻年货预制菜,83.90,叮叮懒人菜京东自营官方旗舰店,https://mall.jd.com/index-1000416850.html?from=pc,https://item.jd.com/100064789364.html,京东自营,100064789364,10万+,
甘竹牌豆豉鲮鱼罐头227g*2罐广东特产即食零食罐头下饭酒菜预制菜,39.90,甘竹京东自营旗舰店,https://mall.jd.com/index-1000476125.html?from=pc,https://item.jd.com/100070500006.html,京东自营,100070500006,5万+,
仙泉湖黄山臭鳜鱼600g*1条净膛腌制冷冻臭桂鱼安徽海鲜特产,89.90,仙泉湖京东自营旗舰店,https://mall.jd.com/index-1000103794.html?from=pc,https://item.jd.com/100015415456.html,京东自营,100015415456,10万+,
冻品先生安井 黑椒牛仔骨350g 带骨牛肉 速冻速食方便菜 烧烤季,49.90,冻品先生京东自营旗舰店,https://mall.jd.com/index-1000361845.html?from=pc,https://item.jd.com/100025662938.html,京东自营,100025662938,20万+,
冻品先生安井冻品先生 酸菜鱼 419g*4袋 老坛酸菜黑鱼片 含酸菜调料包,63.80,冻品先生京东自营旗舰店,https://mall.jd.com/index-1000361845.html?from=pc,https://item.jd.com/100057856686.html,京东自营,100057856686,10万+,
红小厨 正宗金汤佛跳墙240g*7盒家庭装海参鲍鱼罐头加热即食海鲜预制菜,199.90,红小厨京东自营旗舰店,https://mall.jd.com/index-1000323722.html?from=pc,https://item.jd.com/100035685259.html,京东自营,100035685259,5万+,
鳗鱼皇后鳗鱼蒲烧450g整条 (鳗鱼400g+酱汁50g) 海鲜预制菜肴 加热即食,159.00,鳗鱼皇后京东自营旗舰店,https://mall.jd.com/index-1000335321.html?from=pc,https://item.jd.com/100011535002.html,京东自营,100011535002,20万+,
西贝莜面村厚嘟嘟芝士牛肉饼240g 4张 芝士调味牛肉馅 早餐芝士汉堡饼,45.90,西贝莜面村京东自营旗舰店,https://mall.jd.com/index-1000103622.html?from=pc,https://item.jd.com/100060934923.html,京东自营,100060934923,5万+,
獐子岛 冷冻蒜蓉粉丝扇贝 600g 18只 烧烤食材 生鲜 海鲜水产,29.90,獐子岛京东自营旗舰店,https://mall.jd.com/index-1000006786.html?from=pc,https://item.jd.com/100020671266.html,京东自营,100020671266,50万+,
冻品先生安井 手抓扇子骨 808g 1包 原切腌制猪肋骨 空气炸锅食材,32.80,冻品先生京东自营旗舰店,https://mall.jd.com/index-1000361845.html?from=pc,https://item.jd.com/100027311540.html,京东自营,100027311540,20万+,
珍百年鲜冻法式鹅肝切片500g法餐日料刺身食材生鲜预制菜半成品菜,219.00,珍百年京东自营旗舰店,https://mall.jd.com/index-1000129661.html?from=pc,https://item.jd.com/100005871717.html,京东自营,100005871717,10万+,
海文铭福州正宗金汤佛跳墙礼盒240g*6罐加热即食鲍鱼海参海鲜年货预制菜,318.00,海文铭京东自营旗舰店,https://mall.jd.com/index-1000087062.html?from=pc,https://item.jd.com/100010181337.html,京东自营,100010181337,20万+,
GUO LIAN小霸龙 青花椒烤鱼1kg 2-3人份 精选罗非活鱼 主餐宵夜聚会方便,23.30,国联水产京东自营旗舰店,https://mall.jd.com/index-1000074084.html?from=pc,https://item.jd.com/100030789122.html,京东自营,100030789122,20万+,
西贝莜面村蒙古筋头巴脑火锅1.1kg 涮锅生鲜熟食即食速食火锅牛肉牛筋菜肴,59.90,西贝莜面村京东自营旗舰店,https://mall.jd.com/index-1000103622.html?from=pc,https://item.jd.com/100078201774.html,京东自营,100078201774,2万+,
游牧御品 日式烤肉食材520g 2-3人家庭装 烤肉套餐烧烤食材6种 牛肉生鲜,55.00,游牧御品京东自营旗舰店,https://mall.jd.com/index-1000348251.html?from=pc,https://item.jd.com/100039000333.html,京东自营,100039000333,10万+,
鳗鱼皇后鳗鱼蒲烧切片100g×2袋 (鳗鱼80g+酱汁20g) 海鲜预制菜肴 加热即食,69.90,鳗鱼皇后京东自营旗舰店,https://mall.jd.com/index-1000335321.html?from=pc,https://item.jd.com/7672798.html,京东自营,7672798,20万+,
GUO LIAN小霸龙 蒜香烤鱼 1kg 2-3人份 罗非活鱼熬制 主餐宵夜聚会 方便,23.30,国联水产京东自营旗舰店,https://mall.jd.com/index-1000074084.html?from=pc,https://item.jd.com/100025743806.html,京东自营,100025743806,20万+,
西贝莜面村 蒙古牛大骨2.04kg 方便速食半成品菜 门店招牌大菜 预制菜,179.00,西贝莜面村京东自营旗舰店,https://mall.jd.com/index-1000103622.html?from=pc,https://item.jd.com/100012516582.html,京东自营,100012516582,20万+,
董到家大董烤鸭片片鸭北京特产加热即食饼酱柠檬脱骨鸭掌速食预制菜 大董烤鸭半只片片鸭风味版630g,198.00,董到家旗舰店,https://mall.jd.com/index-780494.html?from=pc,https://item.jd.com/10101302813539.html,780494,10101302813539,1000+,
广州酒家利口福 凤凰酱凤爪250g 预制菜 早茶点心 粤菜速食 下午茶,36.90,广州酒家利口福京东自营官方旗舰店,https://mall.jd.com/index-1000085027.html?from=pc,https://item.jd.com/100073440946.html,京东自营,100073440946,1万+,
美好 酥炸平菇1kg 预制菜方便菜快手菜半成品菜油炸小吃 空气炸锅食材,49.90,美好生鲜类目京东自营旗舰店,https://mall.jd.com/index-1000332923.html?from=pc,https://item.jd.com/100012599396.html,京东自营,100012599396,20万+,
朕宅 惠灵顿牛排210g 芝士牛排派 加热即食 半成品 进口牛肉,56.90,朕宅京东自营旗舰店,https://mall.jd.com/index-1000402204.html?from=pc,https://item.jd.com/100024086675.html,京东自营,100024086675,5万+,
德叔鲍鱼 即食熬制鲍鱼罐头4只装160g 鲍鱼汁捞饭加热即食海鲜预制菜,58.00,德叔鲍鱼京东自营旗舰店,https://mall.jd.com/index-1000426582.html?from=pc,https://item.jd.com/100032485289.html,京东自营,100032485289,5万+,
老徽乡臭鳜鱼安徽黄山特产臭桂鱼腌制生鲜徽菜预制菜家宴年货带包装 3条共2.4斤（单条约8两）,138.00,徽味鲜生鲜店,https://mall.jd.com/index-768314.html?from=pc,https://item.jd.com/10059519022015.html,768314,10059519022015,5万+,
叮叮懒人菜酸菜鱼 450g*3袋 鲜活黑鱼片方便速食冷冻家宴预制菜,79.90,叮叮懒人菜京东自营官方旗舰店,https://mall.jd.com/index-1000416850.html?from=pc,https://item.jd.com/100036975724.html,京东自营,100036975724,10万+,
思潮大林 原味模拟蟹肉 540g,71.88,山姆会员商店官方旗舰店,https://mall.jd.com/index-598847.html?from=pc,https://item.jd.com/10065437579379.html,598847,10065437579379,1万+,
同庆楼红烧迷你狮子头 500g 中华老字号 预制菜 半成品 肉丸子 加热即食,39.90,同庆楼生鲜京东自营旗舰店,https://mall.jd.com/index-1000450186.html?from=pc,https://item.jd.com/100071047113.html,京东自营,100071047113,2万+,
广州酒家利口福 紫金酱凤爪250g 预制菜 早茶点心 粤菜速食 下午茶,34.30,广州酒家利口福京东自营官方旗舰店,https://mall.jd.com/index-1000085027.html?from=pc,https://item.jd.com/6478651.html,京东自营,6478651,20万+,
1号会员店惠灵顿牛排派180g 法式黑松露芝士菲力牛肉西餐预制菜,39.90,1号会员店,https://mall.jd.com/index-1000343263.html?from=pc,https://item.jd.com/100077219074.html,京东自营,100077219074,1万+,
喜旺猪全肘子900g酱肘子卤味熟食腊味即食下酒菜家宴礼品,56.90,喜旺京东自营旗舰店,https://mall.jd.com/index-1000112821.html?from=pc,https://item.jd.com/100019272791.html,京东自营,100019272791,10万+,
京东京造 鲜虾饼210g*3 含虾量95%虾排早餐半成品海鲜预制菜,72.90,京东京造自营官方旗舰店,https://mall.jd.com/index-1000096602.html?from=pc,https://item.jd.com/100066234253.html,京东自营,100066234253,2万+,
百年渔港 蒜蓉粉丝扇贝200g（6只）烧烤食材 加热即食冷冻 生鲜,17.60,百年渔港京东自营旗舰店,https://mall.jd.com/index-1000101590.html?from=pc,https://item.jd.com/100006019819.html,京东自营,100006019819,10万+,
鳗鱼皇后鳗鱼蒲烧300g段装 (鳗鱼270g+酱汁30g) 海鲜预制菜肴 加热即食,69.90,鳗鱼皇后京东自营旗舰店,https://mall.jd.com/index-1000335321.html?from=pc,https://item.jd.com/100010660593.html,京东自营,100010660593,20万+,
CP正大食品 正大厨易 胡椒猪肚鸡 1.3kg 预制菜 方便菜 半成品,79.00,正大食品（CP）京东自营旗舰店,https://mall.jd.com/index-1000086171.html?from=pc,https://item.jd.com/100026104646.html,京东自营,100026104646,20万+,
全聚德 北京烤鸭荣耀礼盒装1.58kg含饼酱 老字号特产 预制菜半成品肉 加热即食方便食品,158.00,全聚德生鲜京东自营旗舰店,https://mall.jd.com/index-1000397482.html?from=pc,https://item.jd.com/100055336776.html,京东自营,100055336776,1万+,
全聚德×京加坊 全京盛世烤鸭礼盒1.234kg 半成品预制菜 中华老字号特产,158.00,全聚德生鲜京东自营旗舰店,https://mall.jd.com/index-1000397482.html?from=pc,https://item.jd.com/100091603048.html,京东自营,100091603048,1万+,
冻品先生安井 蒜香排骨 蒜香味 500g 1包 腌制猪肋骨排骨 煎炸方便菜,30.50,冻品先生京东自营旗舰店,https://mall.jd.com/index-1000361845.html?from=pc,https://item.jd.com/100015029751.html,京东自营,100015029751,20万+,
安井 盐酥鸡 鸡米花 原味 500g 鸡块 空气炸锅油炸小吃 冷冻预制菜,21.80,安井京东自营旗舰店,https://mall.jd.com/index-1000086155.html?from=pc,https://item.jd.com/100058916073.html,京东自营,100058916073,2万+,
广州酒家利口福 盐焗鸡(清远土鸡)1.1kg 快手菜 熟鸡熟食 粤式风味 加热即食,69.90,广州酒家利口福京东自营官方旗舰店,https://mall.jd.com/index-1000085027.html?from=pc,https://item.jd.com/100058149282.html,京东自营,100058149282,20万+,
福窖福州正宗佛跳墙加热即食245g*6份家庭装鲍鱼海参海鲜大盆菜预制菜,139.00,海文铭京东自营旗舰店,https://mall.jd.com/index-1000087062.html?from=pc,https://item.jd.com/100069033387.html,京东自营,100069033387,1万+,
麦子妈 胡椒猪肚鸡1.4kg加热即食快手菜速食预制懒人速食半成品菜 【1袋装大包装】胡椒猪肚鸡1.4kg,100.00,麦子妈旗舰店,https://mall.jd.com/index-10229902.html?from=pc,https://item.jd.com/10101488541053.html,10229902,10101488541053,500+,
董到家大董烤鸭·片片鸭（黑金礼盒）预制菜节日家宴礼盒1.71kg,258.00,董到家京东自营旗舰店,https://mall.jd.com/index-1000166681.html?from=pc,https://item.jd.com/100077047708.html,京东自营,100077047708,1万+,
雨润新奥尔良烤鸡350g-450g*2只冷冻整鸡半成品微波空气炸锅预制菜,39.90,雨润集团京东自营旗舰店,https://mall.jd.com/index-1000366343.html?from=pc,https://item.jd.com/100027585569.html,京东自营,100027585569,5000+,
拉面说台式红烧牛肉拉面 预制菜方便面 速食食品夜宵美食 266.5g/盒,21.90,拉面说京东自营旗舰店,https://mall.jd.com/index-1000204895.html?from=pc,https://item.jd.com/100022977150.html,京东自营,100022977150,100万+,
1号会员店锅包肉 优选猪里脊肉 地道东北风味 预制菜家宴年夜饭年货 400g*3,63.90,1号会员店,https://mall.jd.com/index-1000343263.html?from=pc,https://item.jd.com/100073992975.html,京东自营,100073992975,1万+,
1号会员店One's Member 布里欧修烤牛肉堡,59.90,1号会员店,https://mall.jd.com/index-1000343263.html?from=pc,https://item.jd.com/100064571183.html,京东自营,100064571183,5000+,
MALING 上海梅林 红焖牛肉罐头 400g 即食下饭菜预制菜熟食罐头,42.90,梅林京东自营旗舰店,https://mall.jd.com/index-1000097079.html?from=pc,https://item.jd.com/5755516.html,京东自营,5755516,20万+,
大希地早餐半成品食品虾排160g/盒海鲜果蔬菜饼儿童鲜虾饼空气炸锅食材 蔬菜虾饼3盒12个480g轻食不易胖,79.00,大希地旗舰店,https://mall.jd.com/index-57837.html?from=pc,https://item.jd.com/10059187352215.html,57837,10059187352215,2万+,
1号会员店金汤酸菜鱼 活鱼现杀去刺黑鱼 醇正金汤 预制菜快手菜 500g*3,66.00,1号会员店,https://mall.jd.com/index-1000343263.html?from=pc,https://item.jd.com/100073992993.html,京东自营,100073992993,5000+,
董到家大董北京烤鸭整只片片鸭甄选款送礼家宴预制菜高端礼盒1139g,235.00,董到家京东自营旗舰店,https://mall.jd.com/index-1000166681.html?from=pc,https://item.jd.com/100020718570.html,京东自营,100020718570,1万+,
GUO LIAN小霸龙 麻辣烤鱼 1kg 2-3人份罗非活鱼熬制 主餐宵夜聚会 方便,23.30,国联水产京东自营旗舰店,https://mall.jd.com/index-1000074084.html?from=pc,https://item.jd.com/100026862046.html,京东自营,100026862046,20万+,
谷言预制菜 常温料理包10菜组合装 捷百味 加热即食,79.00,谷言京东自营旗舰店,https://mall.jd.com/index-1000106427.html?from=pc,https://item.jd.com/100084057740.html,京东自营,100084057740,1000+,
CP正大食品 正大厨易 金汤酸菜鱼三联包 400g*3袋 预制菜,59.90,正大食品（CP）京东自营旗舰店,https://mall.jd.com/index-1000086171.html?from=pc,https://item.jd.com/100049003062.html,京东自营,100049003062,20万+,
鳗鱼皇后鳗鱼蒲烧300g整条 (鳗鱼270g+酱汁30g) 海鲜预制菜肴 加热即食,129.00,鳗鱼皇后京东自营旗舰店,https://mall.jd.com/index-1000335321.html?from=pc,https://item.jd.com/7672790.html,京东自营,7672790,20万+,
西贝莜面村 红烧小小狮子头300g 方便速食预制菜 半成品菜 加热即食,29.90,西贝莜面村京东自营旗舰店,https://mall.jd.com/index-1000103622.html?from=pc,https://item.jd.com/100039000143.html,京东自营,100039000143,20万+,
海保罗芝士蟹宝300g6只日式芝士焗蟹肉宝 预制菜海鲜蟹类黄金蟹宝早餐,49.90,海保罗京东自营旗舰店,https://mall.jd.com/index-1000479683.html?from=pc,https://item.jd.com/100086071362.html,京东自营,100086071362,2000+,
海文铭福州佛跳墙1440g6罐礼盒加热即食鲍鱼花胶海参年夜饭送礼预制菜,659.00,海文铭京东自营旗舰店,https://mall.jd.com/index-1000087062.html?from=pc,https://item.jd.com/100017491914.html,京东自营,100017491914,20万+,
Sam's好芯 有机酸菜(丝装) 700g*2,47.88,山姆会员商店官方旗舰店,https://mall.jd.com/index-598847.html?from=pc,https://item.jd.com/10065739114265.html,598847,10065739114265,2万+,
逮虾记虾饼虾排240g*4盒含虾量95%鲜虾滑饼儿童早餐生鲜海鲜预制菜肴,159.00,逮虾记京东自营旗舰店,https://mall.jd.com/index-1000402901.html?from=pc,https://item.jd.com/100066681275.html,京东自营,100066681275,2000+,
董到家大董烤鸭半只片片鸭加热即食老北京烤鸭半成品预制菜肴快手菜 大董半只片片鸭风味版630g,159.00,董到家旗舰店,https://mall.jd.com/index-780494.html?from=pc,https://item.jd.com/10100575749847.html,780494,10100575749847,1000+,
京东京造 冷藏即食卤猪蹄400g 0添加更健康 猪蹄熟食开袋 休闲零食小吃,,京东京造自营官方旗舰店,https://mall.jd.com/index-1000096602.html?from=pc,https://item.jd.com/100097290300.html,京东自营,100097290300,10万+,
西贝莜面村蒙古香辣羊骨火锅1.1kg 加热即食 方便速食半成品菜,59.80,西贝莜面村京东自营旗舰店,https://mall.jd.com/index-1000103622.html?from=pc,https://item.jd.com/100067221577.html,京东自营,100067221577,20万+,
中洋鱼天下 青花椒牛蛙510g 含酱包 配菜 预制菜 快手菜 5分钟即食,19.90,中洋鱼天下京东自营旗舰店,https://mall.jd.com/index-1000223653.html?from=pc,https://item.jd.com/100040217161.html,京东自营,100040217161,2万+,
美好蜜汁蒜香小酥肉 300g 猪肉酥肉 方便菜 夜市小吃 空气炸锅食材,39.90,美好生鲜类目京东自营旗舰店,https://mall.jd.com/index-1000332923.html?from=pc,https://item.jd.com/100067502234.html,京东自营,100067502234,5万+,
冻品先生安井 香脆藕盒 800g/袋 约20个 油炸藕夹肉 空气炸锅 烧烤季,30.80,冻品先生京东自营旗舰店,https://mall.jd.com/index-1000361845.html?from=pc,https://item.jd.com/100027685742.html,京东自营,100027685742,20万+,
号食仔罗非鱼排鱼柳鱼片半成品无骨无刺优蛋白 生鲜预制快手菜加热即食 蒜香110g*6+黑胡椒110g*6,92.00,号食仔卖场店,https://mall.jd.com/index-10230366.html?from=pc,https://item.jd.com/10082763219655.html,10230366,10082763219655,1万+,
冻品先生安井 香酥茄盒 800g 鸡肉馅 速冻油炸小吃 特色快手菜 烧烤季,31.90,冻品先生京东自营旗舰店,https://mall.jd.com/index-1000361845.html?from=pc,https://item.jd.com/100040900015.html,京东自营,100040900015,20万+,
冻品先生 安井 深海鳕鱼排 310g*3盒 10个/盒 裹粉鳕鱼 油炸空气炸锅小吃,68.40,冻品先生京东自营旗舰店,https://mall.jd.com/index-1000361845.html?from=pc,https://item.jd.com/100055862482.html,京东自营,100055862482,10万+,
东水 鳗鱼蒲烧330g整条 海鲜预制菜肴 烤鳗鱼整条现烤 加热即食鳗鱼饭,49.90,东水京东自营旗舰店,https://mall.jd.com/index-1000456102.html?from=pc,https://item.jd.com/100069596209.html,京东自营,100069596209,1万+,
德叔鲍鱼正宗米刺参佛跳墙1.5kg 海参预制菜海鲜年夜饭半成品盆菜年货礼品,159.00,德叔鲍鱼京东自营旗舰店,https://mall.jd.com/index-1000426582.html?from=pc,https://item.jd.com/100041048934.html,京东自营,100041048934,2万+,
江船长 飞鱼籽 寿司专用材料新鲜大粒鱼籽60g 玻璃罐装,25.90,江船长京东自营旗舰店,https://mall.jd.com/index-1000086961.html?from=pc,https://item.jd.com/100021731945.html,京东自营,100021731945,2万+,
老徽乡臭鳜鱼安徽黄山特产臭桂鱼腌制生鲜徽菜预制菜家宴年货带包装 3条共3斤（单条约1斤）,205.00,徽味鲜生鲜店,https://mall.jd.com/index-768314.html?from=pc,https://item.jd.com/10059519022019.html,768314,10059519022019,5万+,
味盟【顺丰冷链】金汤酸菜鱼430g*3盒踏青烧烤露营预制半成品方便速食 金汤酸菜鱼430g*3盒直播专享,129.90,味盟官方旗舰店,https://mall.jd.com/index-12263723.html?from=pc,https://item.jd.com/10096347587584.html,12263723,10096347587584,2000+,
东方甄选爆汁烤肠 肉质营养 肉香醇香 8根/盒 纯香肉肠 香肠 生鲜 预制菜 【3盒】原味*3,99.00,东方甄选官方旗舰店,https://mall.jd.com/index-12044878.html?from=pc,https://item.jd.com/10057844115298.html,12044878,10057844115298,5万+,
珍百年红酒鹅肝刺身切片250g生鲜预制菜法式即食日料寿司冰淇淋食材,179.00,珍百年京东自营旗舰店,https://mall.jd.com/index-1000129661.html?from=pc,https://item.jd.com/100025498634.html,京东自营,100025498634,10万+,
东方甄选爆汁烤肠 肉质营养 肉香醇香 8根/盒 纯香肉肠 香肠 生鲜 预制菜 【3盒】原味*2+黑胡椒味*1,99.00,东方甄选官方旗舰店,https://mall.jd.com/index-12044878.html?from=pc,https://item.jd.com/10055795752249.html,12044878,10055795752249,5万+,
东来顺筋头巴脑500g清真熟食中华老字号预制菜加热即食方便菜,59.90,东来顺京东自营官方旗舰店,https://mall.jd.com/index-1000340362.html?from=pc,https://item.jd.com/100045118805.html,京东自营,100045118805,10万+,
温氏供港扇子骨900g 手抓猪排腌制猪肉 烹熟即食 半成品菜快手菜,51.90,温氏食品京东自营旗舰店,https://mall.jd.com/index-1000225304.html?from=pc,https://item.jd.com/100012812307.html,京东自营,100012812307,5万+,
饭乎香脆锅巴煲仔饭速食5盒米饭预制菜自热米饭拌饭酸辣粉食品,89.90,饭乎京东自营旗舰店,https://mall.jd.com/index-1000392861.html?from=pc,https://item.jd.com/100031457854.html,京东自营,100031457854,20万+,
谷言 料理包 预制菜 7菜组合套餐 加热即食,49.90,谷言京东自营旗舰店,https://mall.jd.com/index-1000106427.html?from=pc,https://item.jd.com/100042289251.html,京东自营,100042289251,2万+,
饭乎速食米饭5盒加电煮锅 预制煲仔饭菜方便半成品粥粉意面食自热米饭,89.90,饭乎京东自营旗舰店,https://mall.jd.com/index-1000392861.html?from=pc,https://item.jd.com/100044176101.html,京东自营,100044176101,20万+,
朕宅日式牛肉拌饭料谷饲牛肉饭130g*2袋 预制菜方便菜 懒人加热即食,24.90,朕宅京东自营旗舰店,https://mall.jd.com/index-1000402204.html?from=pc,https://item.jd.com/100031352044.html,京东自营,100031352044,5万+,
安井 鸡米花 1kg 鸡块盐酥鸡 空气炸锅油炸小吃 冷冻速食熟食预制菜,38.80,安井京东自营旗舰店,https://mall.jd.com/index-1000086155.html?from=pc,https://item.jd.com/100076862734.html,京东自营,100076862734,5万+,
广州酒家利口福 蒜香排骨200g 早茶菜式 粤式点心 年夜饭 速食加热即食,29.90,广州酒家利口福京东自营官方旗舰店,https://mall.jd.com/index-1000085027.html?from=pc,https://item.jd.com/100051905526.html,京东自营,100051905526,20万+,
清鲜时光 裙带菜 400g袋 酸甜海藻沙拉海白菜海草海藻寿司海鲜水产,15.90,清鲜时光京东自营旗舰店,https://mall.jd.com/index-1000395748.html?from=pc,https://item.jd.com/100065979418.html,京东自营,100065979418,1万+,
紫光园 羊蝎子熟食火锅 2.4斤 清真羊肉羊脊骨预制菜 酱香味 门店同款,59.00,紫光园京东自营旗舰店,https://mall.jd.com/index-1000223174.html?from=pc,https://item.jd.com/100025975112.html,京东自营,100025975112,5万+,
聪厨 梅菜扣肉 380g 五花肉 下饭菜 快手菜 预制菜 冷冻 加热即食,32.90,聪厨京东自营旗舰店,https://mall.jd.com/index-1000087642.html?from=pc,https://item.jd.com/4953179.html,京东自营,4953179,50万+,
鳗鱼皇后鳗鱼蒲烧600g段装 (鳗鱼100g+酱汁20g)×5段 海鲜预制菜肴,199.00,鳗鱼皇后京东自营旗舰店,https://mall.jd.com/index-1000335321.html?from=pc,https://item.jd.com/100003310779.html,京东自营,100003310779,20万+,
逮虾记大户人家鲜虾滑0脂速食儿童早餐虾饼半成品火锅海鲜预制菜150g,39.00,逮虾记京东自营旗舰店,https://mall.jd.com/index-1000402901.html?from=pc,https://item.jd.com/100017594607.html,京东自营,100017594607,20万+,
安井冻品先生 酸菜鱼 酸辣味 419g 1袋 老坛酸菜黑鱼片 含酸菜调料包,39.80,冻品先生京东自营旗舰店,https://mall.jd.com/index-1000361845.html?from=pc,https://item.jd.com/100025662950.html,京东自营,100025662950,20万+,
美好 农家小酥肉椒麻味400g 猪肉酥肉 预制菜方便菜快手菜半成品菜,34.90,美好生鲜类目京东自营旗舰店,https://mall.jd.com/index-1000332923.html?from=pc,https://item.jd.com/100012599426.html,京东自营,100012599426,20万+,
冻品先生安井 蒜香小排 350g 1包 腌制猪肉猪肋骨方便菜 半成品快手菜,33.90,冻品先生京东自营旗舰店,https://mall.jd.com/index-1000361845.html?from=pc,https://item.jd.com/100025662952.html,京东自营,100025662952,20万+,
谷言 预制菜 劲爽酸菜鱼413g 巴沙鱼 方便菜 半成品菜 火锅食材生鲜,33.90,谷言京东自营旗舰店,https://mall.jd.com/index-1000106427.html?from=pc,https://item.jd.com/100022894272.html,京东自营,100022894272,10万+,
星龙港金汤刺参佛跳墙 260g*10 礼盒装 整只辽刺参鲍鱼 加热即食,269.00,星龙港京东自营旗舰店,https://mall.jd.com/index-1000147564.html?from=pc,https://item.jd.com/100080950802.html,京东自营,100080950802,2万+,
玺谣花雕熟醉蟹 全母2.8两4只 大闸蟹螃蟹鲜活制作生鲜蟹类预制菜,119.00,玺谣京东自营旗舰店,https://mall.jd.com/index-1000473275.html?from=pc,https://item.jd.com/100076284826.html,京东自营,100076284826,2000+,
天海藏金汤酸菜鱼430g*3袋预制菜生鲜冷冻免浆黑鱼片加热即食家常方便,39.90,天海藏京东自营官方旗舰店,https://mall.jd.com/index-1000097581.html?from=pc,https://item.jd.com/100067229378.html,京东自营,100067229378,1000+,
古龙鱼罐头茄汁沙丁鱼425g*3罐即食下饭菜下酒菜预制菜食品,26.90,古龙京东自营旗舰店,https://mall.jd.com/index-1000133741.html?from=pc,https://item.jd.com/100053464570.html,京东自营,100053464570,2万+,
世界の海老法式A级切片鹅肝500g 每片独立包装 鲜冻肥鹅肝预制菜家宴年夜饭,200.00,世界の海老京东自营旗舰店,https://mall.jd.com/index-1000353565.html?from=pc,https://item.jd.com/100020338800.html,京东自营,100020338800,5000+,
老诚一锅羊蝎子北京特产原汤炖肉熟食零食加热即食预制菜2.4斤/盒微麻微辣,99.80,老诚一锅食品京东自营旗舰店,https://mall.jd.com/index-1000365703.html?from=pc,https://item.jd.com/100019041846.html,京东自营,100019041846,10万+,
叮叮懒人菜酸菜鱼 500g 鲜活黑鱼片半成品方便速食冷冻家宴预制菜,49.90,叮叮懒人菜京东自营官方旗舰店,https://mall.jd.com/index-1000416850.html?from=pc,https://item.jd.com/100066983743.html,京东自营,100066983743,10万+,
冻品先生安井 蒜香小排 350g*3包 腌制猪肉猪肋骨方便菜 半成品快手,44.80,冻品先生京东自营旗舰店,https://mall.jd.com/index-1000361845.html?from=pc,https://item.jd.com/100068611307.html,京东自营,100068611307,2万+,
西贝莜面村 完熟番茄牛腩300g 加热即食方便速食速冻菜肴,49.90,西贝莜面村京东自营旗舰店,https://mall.jd.com/index-1000103622.html?from=pc,https://item.jd.com/100013923018.html,京东自营,100013923018,20万+,
大希地早餐半成品食品虾排160g/盒海鲜果蔬菜饼儿童鲜虾饼空气炸锅食材 蔬菜虾饼3盒12个480g轻食不易胖,79.00,大希地旗舰店,https://mall.jd.com/index-57837.html?from=pc,https://item.jd.com/10059187352215.html,57837,10059187352215,2万+,
1号会员店金汤酸菜鱼 活鱼现杀去刺黑鱼 醇正金汤 预制菜快手菜 500g*3,66.00,1号会员店,https://mall.jd.com/index-1000343263.html?from=pc,https://item.jd.com/100073992993.html,京东自营,100073992993,5000+,
董到家大董北京烤鸭整只片片鸭甄选款送礼家宴预制菜高端礼盒1139g,235.00,董到家京东自营旗舰店,https://mall.jd.com/index-1000166681.html?from=pc,https://item.jd.com/100020718570.html,京东自营,100020718570,1万+,
GUO LIAN小霸龙 麻辣烤鱼 1kg 2-3人份罗非活鱼熬制 主餐宵夜聚会 方便,23.30,国联水产京东自营旗舰店,https://mall.jd.com/index-1000074084.html?from=pc,https://item.jd.com/100026862046.html,京东自营,100026862046,20万+,
谷言预制菜 常温料理包10菜组合装 捷百味 加热即食,79.00,谷言京东自营旗舰店,https://mall.jd.com/index-1000106427.html?from=pc,https://item.jd.com/100084057740.html,京东自营,100084057740,1000+,
CP正大食品 正大厨易 金汤酸菜鱼三联包 400g*3袋 预制菜,59.90,正大食品（CP）京东自营旗舰店,https://mall.jd.com/index-1000086171.html?from=pc,https://item.jd.com/100049003062.html,京东自营,100049003062,20万+,
鳗鱼皇后鳗鱼蒲烧300g整条 (鳗鱼270g+酱汁30g) 海鲜预制菜肴 加热即食,129.00,鳗鱼皇后京东自营旗舰店,https://mall.jd.com/index-1000335321.html?from=pc,https://item.jd.com/7672790.html,京东自营,7672790,20万+,
西贝莜面村 红烧小小狮子头300g 方便速食预制菜 半成品菜 加热即食,29.90,西贝莜面村京东自营旗舰店,https://mall.jd.com/index-1000103622.html?from=pc,https://item.jd.com/100039000143.html,京东自营,100039000143,20万+,
海保罗芝士蟹宝300g6只日式芝士焗蟹肉宝 预制菜海鲜蟹类黄金蟹宝早餐,49.90,海保罗京东自营旗舰店,https://mall.jd.com/index-1000479683.html?from=pc,https://item.jd.com/100086071362.html,京东自营,100086071362,2000+,
海文铭福州佛跳墙1440g6罐礼盒加热即食鲍鱼花胶海参年夜饭送礼预制菜,659.00,海文铭京东自营旗舰店,https://mall.jd.com/index-1000087062.html?from=pc,https://item.jd.com/100017491914.html,京东自营,100017491914,20万+,
Sam's好芯 有机酸菜(丝装) 700g*2,47.88,山姆会员商店官方旗舰店,https://mall.jd.com/index-598847.html?from=pc,https://item.jd.com/10065739114265.html,598847,10065739114265,2万+,
逮虾记虾饼虾排240g*4盒含虾量95%鲜虾滑饼儿童早餐生鲜海鲜预制菜肴,159.00,逮虾记京东自营旗舰店,https://mall.jd.com/index-1000402901.html?from=pc,https://item.jd.com/100066681275.html,京东自营,100066681275,2000+,
董到家大董烤鸭半只片片鸭加热即食老北京烤鸭半成品预制菜肴快手菜 大董半只片片鸭风味版630g,159.00,董到家旗舰店,https://mall.jd.com/index-780494.html?from=pc,https://item.jd.com/10100575749847.html,780494,10100575749847,1000+,
京东京造 冷藏即食卤猪蹄400g 0添加更健康 猪蹄熟食开袋 休闲零食小吃,,京东京造自营官方旗舰店,https://mall.jd.com/index-1000096602.html?from=pc,https://item.jd.com/100097290300.html,京东自营,100097290300,10万+,
西贝莜面村蒙古香辣羊骨火锅1.1kg 加热即食 方便速食半成品菜,59.80,西贝莜面村京东自营旗舰店,https://mall.jd.com/index-1000103622.html?from=pc,https://item.jd.com/100067221577.html,京东自营,100067221577,20万+,
中洋鱼天下 青花椒牛蛙510g 含酱包 配菜 预制菜 快手菜 5分钟即食,19.90,中洋鱼天下京东自营旗舰店,https://mall.jd.com/index-1000223653.html?from=pc,https://item.jd.com/100040217161.html,京东自营,100040217161,2万+,
美好蜜汁蒜香小酥肉 300g 猪肉酥肉 方便菜 夜市小吃 空气炸锅食材,39.90,美好生鲜类目京东自营旗舰店,https://mall.jd.com/index-1000332923.html?from=pc,https://item.jd.com/100067502234.html,京东自营,100067502234,5万+,
冻品先生安井 香脆藕盒 800g/袋 约20个 油炸藕夹肉 空气炸锅 烧烤季,30.80,冻品先生京东自营旗舰店,https://mall.jd.com/index-1000361845.html?from=pc,https://item.jd.com/100027685742.html,京东自营,100027685742,20万+,
号食仔罗非鱼排鱼柳鱼片半成品无骨无刺优蛋白 生鲜预制快手菜加热即食 蒜香110g*6+黑胡椒110g*6,92.00,号食仔卖场店,https://mall.jd.com/index-10230366.html?from=pc,https://item.jd.com/10082763219655.html,10230366,10082763219655,1万+,
冻品先生安井 香酥茄盒 800g 鸡肉馅 速冻油炸小吃 特色快手菜 烧烤季,31.90,冻品先生京东自营旗舰店,https://mall.jd.com/index-1000361845.html?from=pc,https://item.jd.com/100040900015.html,京东自营,100040900015,20万+,
冻品先生 安井 深海鳕鱼排 310g*3盒 10个/盒 裹粉鳕鱼 油炸空气炸锅小吃,68.40,冻品先生京东自营旗舰店,https://mall.jd.com/index-1000361845.html?from=pc,https://item.jd.com/100055862482.html,京东自营,100055862482,10万+,
东水 鳗鱼蒲烧330g整条 海鲜预制菜肴 烤鳗鱼整条现烤 加热即食鳗鱼饭,49.90,东水京东自营旗舰店,https://mall.jd.com/index-1000456102.html?from=pc,https://item.jd.com/100069596209.html,京东自营,100069596209,1万+,
德叔鲍鱼正宗米刺参佛跳墙1.5kg 海参预制菜海鲜年夜饭半成品盆菜年货礼品,159.00,德叔鲍鱼京东自营旗舰店,https://mall.jd.com/index-1000426582.html?from=pc,https://item.jd.com/100041048934.html,京东自营,100041048934,2万+,
江船长 飞鱼籽 寿司专用材料新鲜大粒鱼籽60g 玻璃罐装,25.90,江船长京东自营旗舰店,https://mall.jd.com/index-1000086961.html?from=pc,https://item.jd.com/100021731945.html,京东自营,100021731945,2万+,
老徽乡臭鳜鱼安徽黄山特产臭桂鱼腌制生鲜徽菜预制菜家宴年货带包装 3条共3斤（单条约1斤）,205.00,徽味鲜生鲜店,https://mall.jd.com/index-768314.html?from=pc,https://item.jd.com/10059519022019.html,768314,10059519022019,5万+,
味盟【顺丰冷链】金汤酸菜鱼430g*3盒踏青烧烤露营预制半成品方便速食 金汤酸菜鱼430g*3盒直播专享,129.90,味盟官方旗舰店,https://mall.jd.com/index-12263723.html?from=pc,https://item.jd.com/10096347587584.html,12263723,10096347587584,2000+,
东方甄选爆汁烤肠 肉质营养 肉香醇香 8根/盒 纯香肉肠 香肠 生鲜 预制菜 【3盒】原味*3,99.00,东方甄选官方旗舰店,https://mall.jd.com/index-12044878.html?from=pc,https://item.jd.com/10057844115298.html,12044878,10057844115298,5万+,
珍百年红酒鹅肝刺身切片250g生鲜预制菜法式即食日料寿司冰淇淋食材,179.00,珍百年京东自营旗舰店,https://mall.jd.com/index-1000129661.html?from=pc,https://item.jd.com/100025498634.html,京东自营,100025498634,10万+,
东方甄选爆汁烤肠 肉质营养 肉香醇香 8根/盒 纯香肉肠 香肠 生鲜 预制菜 【3盒】原味*2+黑胡椒味*1,99.00,东方甄选官方旗舰店,https://mall.jd.com/index-12044878.html?from=pc,https://item.jd.com/10055795752249.html,12044878,10055795752249,5万+,
东来顺筋头巴脑500g清真熟食中华老字号预制菜加热即食方便菜,59.90,东来顺京东自营官方旗舰店,https://mall.jd.com/index-1000340362.html?from=pc,https://item.jd.com/100045118805.html,京东自营,100045118805,10万+,
麦子妈 胡椒猪肚鸡1.4kg加热即食快手菜速食预制懒人速食半成品菜 【1袋大包装】胡椒猪肚鸡1.4kg,100.00,麦子妈旗舰店,https://mall.jd.com/index-10229902.html?from=pc,https://item.jd.com/10101434375724.html,10229902,10101434375724,500+,
甘竹牌甜玉米粒罐头425g*3罐广东特产即食零食罐头下饭酒菜预制菜,18.50,甘竹京东自营旗舰店,https://mall.jd.com/index-1000476125.html?from=pc,https://item.jd.com/100053464548.html,京东自营,100053464548,5万+,
海文铭福州正宗金汤佛跳墙高档礼盒240g*8盒加热即食鲍鱼辽参花胶预制菜,399.00,海文铭京东自营旗舰店,https://mall.jd.com/index-1000087062.html?from=pc,https://item.jd.com/100101909844.html,京东自营,100101909844,20万+,
谷言预制菜 料理包 常温15种菜套餐 加热即食 方便一人食,119.00,谷言京东自营旗舰店,https://mall.jd.com/index-1000106427.html?from=pc,https://item.jd.com/100094938991.html,京东自营,100094938991,1000+,
冻品先生 安井 黄金蝴蝶虾 340g 18-22个/盒 芙蓉炸虾 冷冻预制菜,37.90,冻品先生京东自营旗舰店,https://mall.jd.com/index-1000361845.html?from=pc,https://item.jd.com/100061051369.html,京东自营,100061051369,20万+,
温氏供港扇子骨900g 手抓猪排腌制猪肉 烹熟即食 半成品菜快手菜,51.90,温氏食品京东自营旗舰店,https://mall.jd.com/index-1000225304.html?from=pc,https://item.jd.com/100012812307.html,京东自营,100012812307,5万+,
饭乎香脆锅巴煲仔饭速食5盒米饭预制菜自热米饭拌饭酸辣粉食品,89.90,饭乎京东自营旗舰店,https://mall.jd.com/index-1000392861.html?from=pc,https://item.jd.com/100031457854.html,京东自营,100031457854,20万+,
谷言 料理包 预制菜 7菜组合套餐 加热即食,49.90,谷言京东自营旗舰店,https://mall.jd.com/index-1000106427.html?from=pc,https://item.jd.com/100042289251.html,京东自营,100042289251,2万+,
饭乎速食米饭5盒加电煮锅 预制煲仔饭菜方便半成品粥粉意面食自热米饭,89.90,饭乎京东自营旗舰店,https://mall.jd.com/index-1000392861.html?from=pc,https://item.jd.com/100044176101.html,京东自营,100044176101,20万+,
朕宅日式牛肉拌饭料谷饲牛肉饭130g*2袋 预制菜方便菜 懒人加热即食,24.90,朕宅京东自营旗舰店,https://mall.jd.com/index-1000402204.html?from=pc,https://item.jd.com/100031352044.html,京东自营,100031352044,5万+,
安井 鸡米花 1kg 鸡块盐酥鸡 空气炸锅油炸小吃 冷冻速食熟食预制菜,38.80,安井京东自营旗舰店,https://mall.jd.com/index-1000086155.html?from=pc,https://item.jd.com/100076862734.html,京东自营,100076862734,5万+,
广州酒家利口福 蒜香排骨200g 早茶菜式 粤式点心 年夜饭 速食加热即食,29.90,广州酒家利口福京东自营官方旗舰店,https://mall.jd.com/index-1000085027.html?from=pc,https://item.jd.com/100051905526.html,京东自营,100051905526,20万+,
清鲜时光 裙带菜 400g袋 酸甜海藻沙拉海白菜海草海藻寿司海鲜水产,15.90,清鲜时光京东自营旗舰店,https://mall.jd.com/index-1000395748.html?from=pc,https://item.jd.com/100065979418.html,京东自营,100065979418,1万+,
紫光园 羊蝎子熟食火锅 2.4斤 清真羊肉羊脊骨预制菜 酱香味 门店同款,59.00,紫光园京东自营旗舰店,https://mall.jd.com/index-1000223174.html?from=pc,https://item.jd.com/100025975112.html,京东自营,100025975112,5万+,
聪厨 梅菜扣肉 380g 五花肉 下饭菜 快手菜 预制菜 冷冻 加热即食,32.90,聪厨京东自营旗舰店,https://mall.jd.com/index-1000087642.html?from=pc,https://item.jd.com/4953179.html,京东自营,4953179,50万+,
鳗鱼皇后鳗鱼蒲烧600g段装 (鳗鱼100g+酱汁20g)×5段 海鲜预制菜肴,199.00,鳗鱼皇后京东自营旗舰店,https://mall.jd.com/index-1000335321.html?from=pc,https://item.jd.com/100003310779.html,京东自营,100003310779,20万+,
逮虾记大户人家鲜虾滑0脂速食儿童早餐虾饼半成品火锅海鲜预制菜150g,39.00,逮虾记京东自营旗舰店,https://mall.jd.com/index-1000402901.html?from=pc,https://item.jd.com/100017594607.html,京东自营,100017594607,20万+,
安井冻品先生 酸菜鱼 酸辣味 419g 1袋 老坛酸菜黑鱼片 含酸菜调料包,39.80,冻品先生京东自营旗舰店,https://mall.jd.com/index-1000361845.html?from=pc,https://item.jd.com/100025662950.html,京东自营,100025662950,20万+,
美好 农家小酥肉椒麻味400g 猪肉酥肉 预制菜方便菜快手菜半成品菜,34.90,美好生鲜类目京东自营旗舰店,https://mall.jd.com/index-1000332923.html?from=pc,https://item.jd.com/100012599426.html,京东自营,100012599426,20万+,
冻品先生安井 蒜香小排 350g 1包 腌制猪肉猪肋骨方便菜 半成品快手菜,33.90,冻品先生京东自营旗舰店,https://mall.jd.com/index-1000361845.html?from=pc,https://item.jd.com/100025662952.html,京东自营,100025662952,20万+,
谷言 预制菜 劲爽酸菜鱼413g 巴沙鱼 方便菜 半成品菜 火锅食材生鲜,33.90,谷言京东自营旗舰店,https://mall.jd.com/index-1000106427.html?from=pc,https://item.jd.com/100022894272.html,京东自营,100022894272,10万+,
星龙港金汤刺参佛跳墙 260g*10 礼盒装 整只辽刺参鲍鱼 加热即食,269.00,星龙港京东自营旗舰店,https://mall.jd.com/index-1000147564.html?from=pc,https://item.jd.com/100080950802.html,京东自营,100080950802,2万+,
玺谣花雕熟醉蟹 全母2.8两4只 大闸蟹螃蟹鲜活制作生鲜蟹类预制菜,119.00,玺谣京东自营旗舰店,https://mall.jd.com/index-1000473275.html?from=pc,https://item.jd.com/100076284826.html,京东自营,100076284826,2000+,
天海藏金汤酸菜鱼430g*3袋预制菜生鲜冷冻免浆黑鱼片加热即食家常方便,39.90,天海藏京东自营官方旗舰店,https://mall.jd.com/index-1000097581.html?from=pc,https://item.jd.com/100067229378.html,京东自营,100067229378,1000+,
古龙鱼罐头茄汁沙丁鱼425g*3罐即食下饭菜下酒菜预制菜食品,26.90,古龙京东自营旗舰店,https://mall.jd.com/index-1000133741.html?from=pc,https://item.jd.com/100053464570.html,京东自营,100053464570,2万+,
世界の海老法式A级切片鹅肝500g 每片独立包装 鲜冻肥鹅肝预制菜家宴年夜饭,200.00,世界の海老京东自营旗舰店,https://mall.jd.com/index-1000353565.html?from=pc,https://item.jd.com/100020338800.html,京东自营,100020338800,5000+,
老诚一锅羊蝎子北京特产原汤炖肉熟食零食加热即食预制菜2.4斤/盒微麻微辣,99.80,老诚一锅食品京东自营旗舰店,https://mall.jd.com/index-1000365703.html?from=pc,https://item.jd.com/100019041846.html,京东自营,100019041846,10万+,
叮叮懒人菜酸菜鱼 500g 鲜活黑鱼片半成品方便速食冷冻家宴预制菜,49.90,叮叮懒人菜京东自营官方旗舰店,https://mall.jd.com/index-1000416850.html?from=pc,https://item.jd.com/100066983743.html,京东自营,100066983743,10万+,
冻品先生安井 蒜香小排 350g*3包 腌制猪肉猪肋骨方便菜 半成品快手,44.80,冻品先生京东自营旗舰店,https://mall.jd.com/index-1000361845.html?from=pc,https://item.jd.com/100068611307.html,京东自营,100068611307,2万+,
西贝莜面村 完熟番茄牛腩300g 加热即食方便速食速冻菜肴,49.90,西贝莜面村京东自营旗舰店,https://mall.jd.com/index-1000103622.html?from=pc,https://item.jd.com/100013923018.html,京东自营,100013923018,20万+,
鳗鱼皇后鳗鱼蒲烧120g切片 (鳗鱼100g+酱汁20g) 海鲜预制菜肴 加热即食,29.00,鳗鱼皇后京东自营旗舰店,https://mall.jd.com/index-1000335321.html?from=pc,https://item.jd.com/100005435240.html,京东自营,100005435240,20万+,
北戴河（BDH） 红烧牛肉罐头即食预制菜熟食方便速食家庭应急食品长期储备物资 红烧牛肉178g*4罐,108.00,北戴河食品官方旗舰店,https://mall.jd.com/index-651090.html?from=pc,https://item.jd.com/10025015719912.html,651090,10025015719912,2万+,
同庆楼四喜丸子 650g 预制菜 方便菜 半成品 快手菜 肉丸子 加热即食,19.90,同庆楼生鲜京东自营旗舰店,https://mall.jd.com/index-1000450186.html?from=pc,https://item.jd.com/100049740956.html,京东自营,100049740956,1万+,
即食家 酱香微辣羊蝎子火锅 1.1kg 羊肉 预制菜 火锅,39.90,预制菜京东自营专区,https://mall.jd.com/index-1000467107.html?from=pc,https://item.jd.com/100072934953.html,京东自营,100072934953,2万+,
冻品先生 安井 孜然羊排 508g 1袋 生鲜冷冻羊肉排骨 方便菜食材 烧烤季,65.90,冻品先生京东自营旗舰店,https://mall.jd.com/index-1000361845.html?from=pc,https://item.jd.com/100034926316.html,京东自营,100034926316,20万+,
1号会员店川味肘子优选猪前肘一份一斤半肘子预制菜快手菜年夜饭年货1.05kg,69.90,1号会员店,https://mall.jd.com/index-1000343263.html?from=pc,https://item.jd.com/100078197102.html,京东自营,100078197102,1000+,
灵略金汤酸菜鱼2.7斤/3袋半成品懒人速食预制菜生鲜,36.90,灵略京东自营旗舰店,https://mall.jd.com/index-1000461722.html?from=pc,https://item.jd.com/100060887464.html,京东自营,100060887464,1000+,
李锦记李锦记即食鲍鱼罐头吉品鲍4只装180g 海鲜预制菜港式风味盆菜鲍汁,102.00,李锦记方便食品京东自营旗舰店,https://mall.jd.com/index-1000481067.html?from=pc,https://item.jd.com/100091180530.html,京东自营,100091180530,2000+,
极丰臻鲜佛跳墙正宗十参十鲍大盆菜盘菜 年夜饭预制菜生海鲜年货礼盒1600g,128.00,湖塘煙雨京东自营旗舰店,https://mall.jd.com/index-1000224864.html?from=pc,https://item.jd.com/100028440428.html,京东自营,100028440428,2万+,
红小厨正宗金汤佛跳墙礼盒240g*8罐家庭装盆菜加热即食预制菜海鲜,499.00,红小厨京东自营旗舰店,https://mall.jd.com/index-1000323722.html?from=pc,https://item.jd.com/100031164454.html,京东自营,100031164454,5万+,
1号会员店锅包肉 纯猪里脊肉 地道东北味 油炸小吃 空气炸锅 可商用400g*1,25.90,1号会员店,https://mall.jd.com/index-1000343263.html?from=pc,https://item.jd.com/100087679054.html,京东自营,100087679054,2000+,
东来顺香辣羊蝎子礼袋1000g中华老字号清真熟食预制菜方便即食,98.00,东来顺京东自营官方旗舰店,https://mall.jd.com/index-1000340362.html?from=pc,https://item.jd.com/100044164365.html,京东自营,100044164365,10万+,
真正老陆稿荐 酱排骨真空盒装280g 中华老字号无锡特产速食即食下酒菜,35.00,真正老陆稿荐京东自营旗舰店,https://mall.jd.com/index-1000129805.html?from=pc,https://item.jd.com/787787.html,京东自营,787787,10万+,
广州酒家利口福 盐焗鸡520g 方便菜 快手菜 三黄鸡 熟鸡 熟食 粤式风味,52.00,广州酒家利口福京东自营官方旗舰店,https://mall.jd.com/index-1000085027.html?from=pc,https://item.jd.com/100019958374.html,京东自营,100019958374,20万+,
食其家日本牛肉拌饭料理120g*3袋日式预制菜速食半成品加热即食,33.50,食其家京东自营旗舰店,https://mall.jd.com/index-1000483405.html?from=pc,https://item.jd.com/100089012660.html,京东自营,100089012660,500+,
1号会员店（One's Member）胡椒猪肚鸡1.4kg 预制菜半成品快手菜速食方便,69.90,1号会员店,https://mall.jd.com/index-1000343263.html?from=pc,https://item.jd.com/100072253065.html,京东自营,100072253065,5000+,
惠寻京东自有品牌金汤酸菜鱼450g*3袋半成品预制菜黑鱼片速冻菜肴,39.90,惠寻京东自营旗舰店,https://mall.jd.com/index-1000309622.html?from=pc,https://item.jd.com/100055711244.html,京东自营,100055711244,2万+,
1号会员店辣子鸡去骨腿肉两次预炸空气炸锅小吃追剧啤酒下酒菜可商用400g*2,59.90,1号会员店,https://mall.jd.com/index-1000343263.html?from=pc,https://item.jd.com/100075918415.html,京东自营,100075918415,2000+,
西贝莜面村 客家胡椒猪肚鸡600g 方便速食 预制菜 即食半成品菜 猪肚鸡,49.90,西贝莜面村京东自营旗舰店,https://mall.jd.com/index-1000103622.html?from=pc,https://item.jd.com/100022036876.html,京东自营,100022036876,20万+,
东方甄选爆汁烤肠 肉质营养 肉香醇香 8根/盒 纯香肉肠 香肠 生鲜 预制菜 【3盒】黑胡椒味*3,99.00,东方甄选官方旗舰店,https://mall.jd.com/index-12044878.html?from=pc,https://item.jd.com/10057844115299.html,12044878,10057844115299,5万+,
三珍斋 东坡肉200g+狮子头400g方便速食即食下酒菜预制菜中华老字号,49.90,三珍斋食品京东自营旗舰店,https://mall.jd.com/index-1000209181.html?from=pc,https://item.jd.com/100019362924.html,京东自营,100019362924,10万+,
甘竹牌红腰豆罐头435g*3罐广东特产即食零食罐头下饭酒菜预制菜,21.80,甘竹京东自营旗舰店,https://mall.jd.com/index-1000476125.html?from=pc,https://item.jd.com/100005069040.html,京东自营,100005069040,5万+,
麻六记鱼香肉丝350g*2方便速食半成品方便菜预制菜家常菜,49.00,麻六记京东自营官方旗舰店,https://mall.jd.com/index-1000455787.html?from=pc,https://item.jd.com/100051906028.html,京东自营,100051906028,2万+,
松屋熟制牛肉料理包135g*3袋 日式速食方便菜 预制菜速冻快手菜肴包,59.90,松屋生鲜京东自营旗舰店,https://mall.jd.com/index-1000455441.html?from=pc,https://item.jd.com/100017174702.html,京东自营,100017174702,2万+,
龙大美食白水肥肠200g*6 免洗免切 95%熟度少脂少油 红烧卤肥肠预制食材,69.90,龙大美食京东自营旗舰店,https://mall.jd.com/index-1000328061.html?from=pc,https://item.jd.com/100072036745.html,京东自营,100072036745,5万+,
老诚一锅羊蝎子北京特产原汤炖肉熟食零食加热即食预制菜2.4斤/盒原味浓香,99.80,老诚一锅食品京东自营旗舰店,https://mall.jd.com/index-1000365703.html?from=pc,https://item.jd.com/100019041818.html,京东自营,100019041818,10万+,
海底捞浇头预制菜加热即食早餐半成品料理包下饭菜 咖喱牛肉200g*3袋,32.90,海底捞自热火锅京东自营旗舰店,https://mall.jd.com/index-1000083664.html?from=pc,https://item.jd.com/100101972978.html,京东自营,100101972978,1000+,
美好 迷你酥肉椒麻味1kg 猪肉酥肉 预制菜方便菜半成品菜空气炸锅食材,52.90,美好生鲜类目京东自营旗舰店,https://mall.jd.com/index-1000332923.html?from=pc,https://item.jd.com/100021335655.html,京东自营,100021335655,20万+,
正大厨易方便 预制菜 加热即食 品质菜肴 半成品快手菜 果蔬鲜虾饼160g,42.90,正大食品（CP）旗舰店,https://mall.jd.com/index-665829.html?from=pc,https://item.jd.com/10083354449464.html,665829,10083354449464,2000+,
雨润 料理包家庭常备180g*7袋 盖浇饭方便速食 菜肴快餐加热即食1260g,68.80,雨润集团京东自营旗舰店,https://mall.jd.com/index-1000366343.html?from=pc,https://item.jd.com/100031774402.html,京东自营,100031774402,5万+,
同庆楼招牌老卤烧鸡 500g 符离集 熟食卤味 加热即食 手撕鸡 安徽特产,59.90,同庆楼生鲜京东自营旗舰店,https://mall.jd.com/index-1000450186.html?from=pc,https://item.jd.com/100063350803.html,京东自营,100063350803,2万+,
京东京造十参十鲍佛跳墙1.5kg 固形物高于50% 海参鲍鱼金汤大盆菜,169.00,京东京造自营官方旗舰店,https://mall.jd.com/index-1000096602.html?from=pc,https://item.jd.com/100065436727.html,京东自营,100065436727,2万+,
1号会员店红烧小小狮子头 甄选猪肉七瘦三肥 预制菜快手菜 500g*3,66.00,1号会员店,https://mall.jd.com/index-1000343263.html?from=pc,https://item.jd.com/100075310102.html,京东自营,100075310102,2000+,
上麟记蒲烧鳗鱼200g整条（鳗鱼165g+酱汁35g）烤鳗鱼加热即食预制菜肴,79.90,上麟记生鲜京东自营旗舰店,https://mall.jd.com/index-1000286121.html?from=pc,https://item.jd.com/100010782464.html,京东自营,100010782464,5万+,
金路易美食艺术家 无骨鸡柳 原味 500g 油炸原味香酥半成品 空气炸锅食材,20.46,金路易京东自营旗舰店,https://mall.jd.com/index-1000084124.html?from=pc,https://item.jd.com/4347898.html,京东自营,4347898,50万+,
广州酒家利口福 豉油鸡520g 方便菜 快手菜 熟食 熟鸡 三黄鸡 粤式菜式,52.00,广州酒家利口福京东自营官方旗舰店,https://mall.jd.com/index-1000085027.html?from=pc,https://item.jd.com/100019958464.html,京东自营,100019958464,20万+,
叮叮懒人菜胡椒猪肚鸡600g 年夜饭半成品冷冻预制快手菜加热速即食家宴,38.90,叮叮懒人菜京东自营官方旗舰店,https://mall.jd.com/index-1000416850.html?from=pc,https://item.jd.com/100064241008.html,京东自营,100064241008,2万+,
1号会员店鱼头泡饼 一斤半散养鳙鱼 手工烙饼 半成品预制菜 1.31kg,88.00,1号会员店,https://mall.jd.com/index-1000343263.html?from=pc,https://item.jd.com/100070225462.html,京东自营,100070225462,2000+,
北戴河（BDH） 红烧牛肉罐头即食预制菜熟食方便速食家庭应急食品长期储备物资 红烧牛肉340g*12罐（整箱囤）,541.00,北戴河食品官方旗舰店,https://mall.jd.com/index-651090.html?from=pc,https://item.jd.com/10025015719916.html,651090,10025015719916,2万+,
丰泽园酱香猪头肉 熟食预制菜 中华老字号北京特产 方便速食卤肉 300g,36.90,丰泽园京东自营旗舰店,https://mall.jd.com/index-1000424281.html?from=pc,https://item.jd.com/100070886954.html,京东自营,100070886954,2000+,
安井 盐酥鸡 鸡米花 500g 藤椒味 鸡块 空气炸锅油炸小吃 冷冻预制菜,21.80,安井京东自营旗舰店,https://mall.jd.com/index-1000086155.html?from=pc,https://item.jd.com/100051905460.html,京东自营,100051905460,2万+,
东方甄选爆汁烤肠 肉质营养 肉香醇香 8根/盒 纯香肉肠 香肠 生鲜 预制菜 【3盒】原味*2 芝士玉米味*1,99.00,东方甄选官方旗舰店,https://mall.jd.com/index-12044878.html?from=pc,https://item.jd.com/10073274479995.html,12044878,10073274479995,5万+,
董到家大董烤鸭半只片片鸭加热即食半成品预制速食菜 大董烤鸭半只片片鸭风味版630g,159.00,董到家旗舰店,https://mall.jd.com/index-780494.html?from=pc,https://item.jd.com/10061549409815.html,780494,10061549409815,200+,
谷言料理包预制菜 10种口味组合套餐 方便速食菜肴 冷冻生鲜加热即食 美味20种套餐,128.00,谷言官方旗舰店,https://mall.jd.com/index-784321.html?from=pc,https://item.jd.com/10061014997682.html,784321,10061014997682,2万+,
谷言预制菜 速食 番茄牛腩500g 加热即食 半成品快手菜 方便食品,36.90,谷言京东自营旗舰店,https://mall.jd.com/index-1000106427.html?from=pc,https://item.jd.com/100054775819.html,京东自营,100054775819,2万+,
晨曦金汤佛跳墙220克*5盒 捞饭加热即食鲍鱼花胶海鲜大盆菜预制菜,118.00,晨曦京东自营旗舰店,https://mall.jd.com/index-1000472215.html?from=pc,https://item.jd.com/100068707932.html,京东自营,100068707932,1000+,
谷言料理包预制菜 10种口味组合套餐 方便速食菜肴 冷冻生鲜加热即食 美味15种套餐,98.00,谷言官方旗舰店,https://mall.jd.com/index-784321.html?from=pc,https://item.jd.com/10061014997680.html,784321,10061014997680,2万+,
老徽乡臭鳜鱼安徽黄山特产臭桂鱼腌制生鲜徽菜预制菜家宴年货带包装 3条共4.5斤（单条约1.5斤）,318.00,徽味鲜生鲜店,https://mall.jd.com/index-768314.html?from=pc,https://item.jd.com/10059519022029.html,768314,10059519022029,5万+,
谷言预制菜 牛肉煲 酱香味 410g 牛肉火锅 半成品菜 快手菜 生鲜,56.90,谷言京东自营旗舰店,https://mall.jd.com/index-1000106427.html?from=pc,https://item.jd.com/100022894526.html,京东自营,100022894526,10万+,
海进士麻辣海鲜熟食麻辣小海鲜网红零食罐装即食生蚝鲍鱼八爪鱼海螺罐头 豪海鲜礼包【八爪鲍鱼生蚝等16款,68.80,嘉钰生鲜店,https://mall.jd.com/index-11408830.html?from=pc,https://item.jd.com/10096498710965.html,11408830,10096498710965,2万+,
1号会员店（One's Member）泰式冬阴功海鲜锅900g 东南亚海鲜贝虾河粉方便,69.90,1号会员店,https://mall.jd.com/index-1000343263.html?from=pc,https://item.jd.com/100096211902.html,京东自营,100096211902,5万+,
西贝莜面村【拍4件省】浓醇汤底莜面鱼鱼四种口味 粗粮主食门店同款 预制菜 酸汤莜面鱼鱼300g,29.90,西贝莜面村旗舰店,https://mall.jd.com/index-870989.html?from=pc,https://item.jd.com/10052406827337.html,870989,10052406827337,2万+,
满家乐椰子鸡火锅 120天切块走地鸡 鸡肉 生鲜 预制菜 大份椰子鸡2.5kg(3-4人),109.00,满家乐旗舰店,https://mall.jd.com/index-927410.html?from=pc,https://item.jd.com/10074352052115.html,927410,10074352052115,2000+,
鳗鱼皇后鳗鱼蒲烧120g切片 (鳗鱼100g+酱汁20g) 海鲜预制菜肴 加热即食,29.00,鳗鱼皇后京东自营旗舰店,https://mall.jd.com/index-1000335321.html?from=pc,https://item.jd.com/100005435240.html,京东自营,100005435240,20万+,
北戴河（BDH） 红烧牛肉罐头即食预制菜熟食方便速食家庭应急食品长期储备物资 红烧牛肉178g*4罐,108.00,北戴河食品官方旗舰店,https://mall.jd.com/index-651090.html?from=pc,https://item.jd.com/10025015719912.html,651090,10025015719912,2万+,
同庆楼四喜丸子 650g 预制菜 方便菜 半成品 快手菜 肉丸子 加热即食,19.90,同庆楼生鲜京东自营旗舰店,https://mall.jd.com/index-1000450186.html?from=pc,https://item.jd.com/100049740956.html,京东自营,100049740956,1万+,
即食家 酱香微辣羊蝎子火锅 1.1kg 羊肉 预制菜 火锅,39.90,预制菜京东自营专区,https://mall.jd.com/index-1000467107.html?from=pc,https://item.jd.com/100072934953.html,京东自营,100072934953,2万+,
冻品先生 安井 孜然羊排 508g 1袋 生鲜冷冻羊肉排骨 方便菜食材 烧烤季,65.90,冻品先生京东自营旗舰店,https://mall.jd.com/index-1000361845.html?from=pc,https://item.jd.com/100034926316.html,京东自营,100034926316,20万+,
1号会员店川味肘子优选猪前肘一份一斤半肘子预制菜快手菜年夜饭年货1.05kg,69.90,1号会员店,https://mall.jd.com/index-1000343263.html?from=pc,https://item.jd.com/100078197102.html,京东自营,100078197102,1000+,
灵略金汤酸菜鱼2.7斤/3袋半成品懒人速食预制菜生鲜,36.90,灵略京东自营旗舰店,https://mall.jd.com/index-1000461722.html?from=pc,https://item.jd.com/100060887464.html,京东自营,100060887464,1000+,
李锦记李锦记即食鲍鱼罐头吉品鲍4只装180g 海鲜预制菜港式风味盆菜鲍汁,102.00,李锦记方便食品京东自营旗舰店,https://mall.jd.com/index-1000481067.html?from=pc,https://item.jd.com/100091180530.html,京东自营,100091180530,2000+,
极丰臻鲜佛跳墙正宗十参十鲍大盆菜盘菜 年夜饭预制菜生海鲜年货礼盒1600g,128.00,湖塘煙雨京东自营旗舰店,https://mall.jd.com/index-1000224864.html?from=pc,https://item.jd.com/100028440428.html,京东自营,100028440428,2万+,
红小厨正宗金汤佛跳墙礼盒240g*8罐家庭装盆菜加热即食预制菜海鲜,499.00,红小厨京东自营旗舰店,https://mall.jd.com/index-1000323722.html?from=pc,https://item.jd.com/100031164454.html,京东自营,100031164454,5万+,
1号会员店锅包肉 纯猪里脊肉 地道东北味 油炸小吃 空气炸锅 可商用400g*1,25.90,1号会员店,https://mall.jd.com/index-1000343263.html?from=pc,https://item.jd.com/100087679054.html,京东自营,100087679054,2000+,
东来顺香辣羊蝎子礼袋1000g中华老字号清真熟食预制菜方便即食,98.00,东来顺京东自营官方旗舰店,https://mall.jd.com/index-1000340362.html?from=pc,https://item.jd.com/100044164365.html,京东自营,100044164365,10万+,
真正老陆稿荐 酱排骨真空盒装280g 中华老字号无锡特产速食即食下酒菜,35.00,真正老陆稿荐京东自营旗舰店,https://mall.jd.com/index-1000129805.html?from=pc,https://item.jd.com/787787.html,京东自营,787787,10万+,
广州酒家利口福 盐焗鸡520g 方便菜 快手菜 三黄鸡 熟鸡 熟食 粤式风味,52.00,广州酒家利口福京东自营官方旗舰店,https://mall.jd.com/index-1000085027.html?from=pc,https://item.jd.com/100019958374.html,京东自营,100019958374,20万+,
食其家日本牛肉拌饭料理120g*3袋日式预制菜速食半成品加热即食,33.50,食其家京东自营旗舰店,https://mall.jd.com/index-1000483405.html?from=pc,https://item.jd.com/100089012660.html,京东自营,100089012660,500+,
1号会员店（One's Member）胡椒猪肚鸡1.4kg 预制菜半成品快手菜速食方便,69.90,1号会员店,https://mall.jd.com/index-1000343263.html?from=pc,https://item.jd.com/100072253065.html,京东自营,100072253065,5000+,
惠寻京东自有品牌金汤酸菜鱼450g*3袋半成品预制菜黑鱼片速冻菜肴,39.90,惠寻京东自营旗舰店,https://mall.jd.com/index-1000309622.html?from=pc,https://item.jd.com/100055711244.html,京东自营,100055711244,2万+,
1号会员店辣子鸡去骨腿肉两次预炸空气炸锅小吃追剧啤酒下酒菜可商用400g*2,59.90,1号会员店,https://mall.jd.com/index-1000343263.html?from=pc,https://item.jd.com/100075918415.html,京东自营,100075918415,2000+,
西贝莜面村 客家胡椒猪肚鸡600g 方便速食 预制菜 即食半成品菜 猪肚鸡,49.90,西贝莜面村京东自营旗舰店,https://mall.jd.com/index-1000103622.html?from=pc,https://item.jd.com/100022036876.html,京东自营,100022036876,20万+,
东方甄选爆汁烤肠 肉质营养 肉香醇香 8根/盒 纯香肉肠 香肠 生鲜 预制菜 【3盒】黑胡椒味*3,99.00,东方甄选官方旗舰店,https://mall.jd.com/index-12044878.html?from=pc,https://item.jd.com/10057844115299.html,12044878,10057844115299,5万+,
三珍斋 东坡肉200g+狮子头400g方便速食即食下酒菜预制菜中华老字号,49.90,三珍斋食品京东自营旗舰店,https://mall.jd.com/index-1000209181.html?from=pc,https://item.jd.com/100019362924.html,京东自营,100019362924,10万+,
甘竹牌红腰豆罐头435g*3罐广东特产即食零食罐头下饭酒菜预制菜,21.80,甘竹京东自营旗舰店,https://mall.jd.com/index-1000476125.html?from=pc,https://item.jd.com/100005069040.html,京东自营,100005069040,5万+,
麻六记鱼香肉丝350g*2方便速食半成品方便菜预制菜家常菜,49.00,麻六记京东自营官方旗舰店,https://mall.jd.com/index-1000455787.html?from=pc,https://item.jd.com/100051906028.html,京东自营,100051906028,2万+,
松屋熟制牛肉料理包135g*3袋 日式速食方便菜 预制菜速冻快手菜肴包,59.90,松屋生鲜京东自营旗舰店,https://mall.jd.com/index-1000455441.html?from=pc,https://item.jd.com/100017174702.html,京东自营,100017174702,2万+,
龙大美食白水肥肠200g*6 免洗免切 95%熟度少脂少油 红烧卤肥肠预制食材,69.90,龙大美食京东自营旗舰店,https://mall.jd.com/index-1000328061.html?from=pc,https://item.jd.com/100072036745.html,京东自营,100072036745,5万+,
老诚一锅羊蝎子北京特产原汤炖肉熟食零食加热即食预制菜2.4斤/盒原味浓香,99.80,老诚一锅食品京东自营旗舰店,https://mall.jd.com/index-1000365703.html?from=pc,https://item.jd.com/100019041818.html,京东自营,100019041818,10万+,
海底捞浇头预制菜加热即食早餐半成品料理包下饭菜 咖喱牛肉200g*3袋,32.90,海底捞自热火锅京东自营旗舰店,https://mall.jd.com/index-1000083664.html?from=pc,https://item.jd.com/100101972978.html,京东自营,100101972978,1000+,
美好 迷你酥肉椒麻味1kg 猪肉酥肉 预制菜方便菜半成品菜空气炸锅食材,52.90,美好生鲜类目京东自营旗舰店,https://mall.jd.com/index-1000332923.html?from=pc,https://item.jd.com/100021335655.html,京东自营,100021335655,20万+,
正大厨易方便 预制菜 加热即食 品质菜肴 半成品快手菜 果蔬鲜虾饼160g,42.90,正大食品（CP）旗舰店,https://mall.jd.com/index-665829.html?from=pc,https://item.jd.com/10083354449464.html,665829,10083354449464,2000+,
雨润 料理包家庭常备180g*7袋 盖浇饭方便速食 菜肴快餐加热即食1260g,68.80,雨润集团京东自营旗舰店,https://mall.jd.com/index-1000366343.html?from=pc,https://item.jd.com/100031774402.html,京东自营,100031774402,5万+,
三珍斋 酱鸭400g 真空包装方便速食即食下酒菜预制菜中华老字号乌镇名卤,24.90,三珍斋食品京东自营旗舰店,https://mall.jd.com/index-1000209181.html?from=pc,https://item.jd.com/1311981.html,京东自营,1311981,5万+,
甘竹牌精装豆豉鲮鱼罐头227g*2罐广东特产即食零食罐头下饭酒菜,42.90,甘竹京东自营旗舰店,https://mall.jd.com/index-1000476125.html?from=pc,https://item.jd.com/100051740394.html,京东自营,100051740394,5万+,
丰泽园 酱香去骨肘子升级款 中华老字号北京特产 熟食下酒菜 450g,99.00,丰泽园京东自营旗舰店,https://mall.jd.com/index-1000424281.html?from=pc,https://item.jd.com/100070886932.html,京东自营,100070886932,2000+,
冻品先生安井 干锅肥肠 200g 免洗免切卤肠猪肠 私房菜方便菜预制菜,35.40,冻品先生京东自营旗舰店,https://mall.jd.com/index-1000361845.html?from=pc,https://item.jd.com/100040900025.html,京东自营,100040900025,20万+,
老诚一锅筋头巴脑牛肉筋牛蹄筋方便速食加热即食零食预制菜2.4斤原味浓香,99.00,老诚一锅食品京东自营旗舰店,https://mall.jd.com/index-1000365703.html?from=pc,https://item.jd.com/100035188868.html,京东自营,100035188868,10万+,
海底捞浇头预制菜加热即食早餐半成品料理包下饭菜番茄牛腩口味200g*3袋,32.90,海底捞自热火锅京东自营旗舰店,https://mall.jd.com/index-1000083664.html?from=pc,https://item.jd.com/100101972996.html,京东自营,100101972996,1000+,
羊食光（YASEEGO）牛筋头巴脑熟食牛肉筋牛腩半筋半肉加热即食牛蹄筋牛板筋预制菜 【香辣】筋头巴脑500g*5,119.00,羊食光旗舰店,https://mall.jd.com/index-11459770.html?from=pc,https://item.jd.com/10077192144278.html,11459770,10077192144278,1000+,
同庆楼招牌老卤烧鸡 500g 符离集 熟食卤味 加热即食 手撕鸡 安徽特产,59.90,同庆楼生鲜京东自营旗舰店,https://mall.jd.com/index-1000450186.html?from=pc,https://item.jd.com/100063350803.html,京东自营,100063350803,2万+,
京东京造十参十鲍佛跳墙1.5kg 固形物高于50% 海参鲍鱼金汤大盆菜,169.00,京东京造自营官方旗舰店,https://mall.jd.com/index-1000096602.html?from=pc,https://item.jd.com/100065436727.html,京东自营,100065436727,2万+,
1号会员店红烧小小狮子头 甄选猪肉七瘦三肥 预制菜快手菜 500g*3,66.00,1号会员店,https://mall.jd.com/index-1000343263.html?from=pc,https://item.jd.com/100075310102.html,京东自营,100075310102,2000+,
上麟记蒲烧鳗鱼200g整条（鳗鱼165g+酱汁35g）烤鳗鱼加热即食预制菜肴,79.90,上麟记生鲜京东自营旗舰店,https://mall.jd.com/index-1000286121.html?from=pc,https://item.jd.com/100010782464.html,京东自营,100010782464,5万+,
金路易美食艺术家 无骨鸡柳 原味 500g 油炸原味香酥半成品 空气炸锅食材,20.46,金路易京东自营旗舰店,https://mall.jd.com/index-1000084124.html?from=pc,https://item.jd.com/4347898.html,京东自营,4347898,50万+,
广州酒家利口福 豉油鸡520g 方便菜 快手菜 熟食 熟鸡 三黄鸡 粤式菜式,52.00,广州酒家利口福京东自营官方旗舰店,https://mall.jd.com/index-1000085027.html?from=pc,https://item.jd.com/100019958464.html,京东自营,100019958464,20万+,
叮叮懒人菜胡椒猪肚鸡600g 年夜饭半成品冷冻预制快手菜加热速即食家宴,38.90,叮叮懒人菜京东自营官方旗舰店,https://mall.jd.com/index-1000416850.html?from=pc,https://item.jd.com/100064241008.html,京东自营,100064241008,2万+,
1号会员店鱼头泡饼 一斤半散养鳙鱼 手工烙饼 半成品预制菜 1.31kg,88.00,1号会员店,https://mall.jd.com/index-1000343263.html?from=pc,https://item.jd.com/100070225462.html,京东自营,100070225462,2000+,
北戴河（BDH） 红烧牛肉罐头即食预制菜熟食方便速食家庭应急食品长期储备物资 红烧牛肉340g*12罐（整箱囤）,541.00,北戴河食品官方旗舰店,https://mall.jd.com/index-651090.html?from=pc,https://item.jd.com/10025015719916.html,651090,10025015719916,2万+,
丰泽园酱香猪头肉 熟食预制菜 中华老字号北京特产 方便速食卤肉 300g,36.90,丰泽园京东自营旗舰店,https://mall.jd.com/index-1000424281.html?from=pc,https://item.jd.com/100070886954.html,京东自营,100070886954,2000+,
安井 盐酥鸡 鸡米花 500g 藤椒味 鸡块 空气炸锅油炸小吃 冷冻预制菜,21.80,安井京东自营旗舰店,https://mall.jd.com/index-1000086155.html?from=pc,https://item.jd.com/100051905460.html,京东自营,100051905460,2万+,
东方甄选爆汁烤肠 肉质营养 肉香醇香 8根/盒 纯香肉肠 香肠 生鲜 预制菜 【3盒】原味*2 芝士玉米味*1,99.00,东方甄选官方旗舰店,https://mall.jd.com/index-12044878.html?from=pc,https://item.jd.com/10073274479995.html,12044878,10073274479995,5万+,
董到家大董烤鸭半只片片鸭加热即食半成品预制速食菜 大董烤鸭半只片片鸭风味版630g,159.00,董到家旗舰店,https://mall.jd.com/index-780494.html?from=pc,https://item.jd.com/10061549409815.html,780494,10061549409815,200+,
谷言料理包预制菜 10种口味组合套餐 方便速食菜肴 冷冻生鲜加热即食 美味20种套餐,128.00,谷言官方旗舰店,https://mall.jd.com/index-784321.html?from=pc,https://item.jd.com/10061014997682.html,784321,10061014997682,2万+,
谷言预制菜 速食 番茄牛腩500g 加热即食 半成品快手菜 方便食品,36.90,谷言京东自营旗舰店,https://mall.jd.com/index-1000106427.html?from=pc,https://item.jd.com/100054775819.html,京东自营,100054775819,2万+,
晨曦金汤佛跳墙220克*5盒 捞饭加热即食鲍鱼花胶海鲜大盆菜预制菜,118.00,晨曦京东自营旗舰店,https://mall.jd.com/index-1000472215.html?from=pc,https://item.jd.com/100068707932.html,京东自营,100068707932,1000+,
谷言料理包预制菜 10种口味组合套餐 方便速食菜肴 冷冻生鲜加热即食 美味15种套餐,98.00,谷言官方旗舰店,https://mall.jd.com/index-784321.html?from=pc,https://item.jd.com/10061014997680.html,784321,10061014997680,2万+,
老徽乡臭鳜鱼安徽黄山特产臭桂鱼腌制生鲜徽菜预制菜家宴年货带包装 3条共4.5斤（单条约1.5斤）,318.00,徽味鲜生鲜店,https://mall.jd.com/index-768314.html?from=pc,https://item.jd.com/10059519022029.html,768314,10059519022029,5万+,
谷言预制菜 牛肉煲 酱香味 410g 牛肉火锅 半成品菜 快手菜 生鲜,56.90,谷言京东自营旗舰店,https://mall.jd.com/index-1000106427.html?from=pc,https://item.jd.com/100022894526.html,京东自营,100022894526,10万+,
海进士麻辣海鲜熟食麻辣小海鲜网红零食罐装即食生蚝鲍鱼八爪鱼海螺罐头 豪海鲜礼包【八爪鲍鱼生蚝等16款,68.80,嘉钰生鲜店,https://mall.jd.com/index-11408830.html?from=pc,https://item.jd.com/10096498710965.html,11408830,10096498710965,2万+,
1号会员店（One's Member）泰式冬阴功海鲜锅900g 东南亚海鲜贝虾河粉方便,69.90,1号会员店,https://mall.jd.com/index-1000343263.html?from=pc,https://item.jd.com/100096211902.html,京东自营,100096211902,5万+,
西贝莜面村【拍4件省】浓醇汤底莜面鱼鱼四种口味 粗粮主食门店同款 预制菜 酸汤莜面鱼鱼300g,29.90,西贝莜面村旗舰店,https://mall.jd.com/index-870989.html?from=pc,https://item.jd.com/10052406827337.html,870989,10052406827337,2万+,
满家乐椰子鸡火锅 120天切块走地鸡 鸡肉 生鲜 预制菜 大份椰子鸡2.5kg(3-4人),109.00,满家乐旗舰店,https://mall.jd.com/index-927410.html?from=pc,https://item.jd.com/10074352052115.html,927410,10074352052115,2000+,
鳗鱼皇后鳗鱼蒲烧120g切片 (鳗鱼100g+酱汁20g) 海鲜预制菜肴 加热即食,29.00,鳗鱼皇后京东自营旗舰店,https://mall.jd.com/index-1000335321.html?from=pc,https://item.jd.com/100005435240.html,京东自营,100005435240,20万+,
北戴河（BDH） 红烧牛肉罐头即食预制菜熟食方便速食家庭应急食品长期储备物资 红烧牛肉178g*4罐,108.00,北戴河食品官方旗舰店,https://mall.jd.com/index-651090.html?from=pc,https://item.jd.com/10025015719912.html,651090,10025015719912,2万+,
同庆楼四喜丸子 650g 预制菜 方便菜 半成品 快手菜 肉丸子 加热即食,19.90,同庆楼生鲜京东自营旗舰店,https://mall.jd.com/index-1000450186.html?from=pc,https://item.jd.com/100049740956.html,京东自营,100049740956,1万+,
即食家 酱香微辣羊蝎子火锅 1.1kg 羊肉 预制菜 火锅,39.90,预制菜京东自营专区,https://mall.jd.com/index-1000467107.html?from=pc,https://item.jd.com/100072934953.html,京东自营,100072934953,2万+,
冻品先生 安井 孜然羊排 508g 1袋 生鲜冷冻羊肉排骨 方便菜食材 烧烤季,65.90,冻品先生京东自营旗舰店,https://mall.jd.com/index-1000361845.html?from=pc,https://item.jd.com/100034926316.html,京东自营,100034926316,20万+,
1号会员店川味肘子优选猪前肘一份一斤半肘子预制菜快手菜年夜饭年货1.05kg,69.90,1号会员店,https://mall.jd.com/index-1000343263.html?from=pc,https://item.jd.com/100078197102.html,京东自营,100078197102,1000+,
灵略金汤酸菜鱼2.7斤/3袋半成品懒人速食预制菜生鲜,36.90,灵略京东自营旗舰店,https://mall.jd.com/index-1000461722.html?from=pc,https://item.jd.com/100060887464.html,京东自营,100060887464,1000+,
李锦记李锦记即食鲍鱼罐头吉品鲍4只装180g 海鲜预制菜港式风味盆菜鲍汁,102.00,李锦记方便食品京东自营旗舰店,https://mall.jd.com/index-1000481067.html?from=pc,https://item.jd.com/100091180530.html,京东自营,100091180530,2000+,
极丰臻鲜佛跳墙正宗十参十鲍大盆菜盘菜 年夜饭预制菜生海鲜年货礼盒1600g,128.00,湖塘煙雨京东自营旗舰店,https://mall.jd.com/index-1000224864.html?from=pc,https://item.jd.com/100028440428.html,京东自营,100028440428,2万+,
红小厨正宗金汤佛跳墙礼盒240g*8罐家庭装盆菜加热即食预制菜海鲜,499.00,红小厨京东自营旗舰店,https://mall.jd.com/index-1000323722.html?from=pc,https://item.jd.com/100031164454.html,京东自营,100031164454,5万+,
1号会员店锅包肉 纯猪里脊肉 地道东北味 油炸小吃 空气炸锅 可商用400g*1,25.90,1号会员店,https://mall.jd.com/index-1000343263.html?from=pc,https://item.jd.com/100087679054.html,京东自营,100087679054,2000+,
东来顺香辣羊蝎子礼袋1000g中华老字号清真熟食预制菜方便即食,98.00,东来顺京东自营官方旗舰店,https://mall.jd.com/index-1000340362.html?from=pc,https://item.jd.com/100044164365.html,京东自营,100044164365,10万+,
真正老陆稿荐 酱排骨真空盒装280g 中华老字号无锡特产速食即食下酒菜,35.00,真正老陆稿荐京东自营旗舰店,https://mall.jd.com/index-1000129805.html?from=pc,https://item.jd.com/787787.html,京东自营,787787,10万+,
广州酒家利口福 盐焗鸡520g 方便菜 快手菜 三黄鸡 熟鸡 熟食 粤式风味,52.00,广州酒家利口福京东自营官方旗舰店,https://mall.jd.com/index-1000085027.html?from=pc,https://item.jd.com/100019958374.html,京东自营,100019958374,20万+,
食其家日本牛肉拌饭料理120g*3袋日式预制菜速食半成品加热即食,33.50,食其家京东自营旗舰店,https://mall.jd.com/index-1000483405.html?from=pc,https://item.jd.com/100089012660.html,京东自营,100089012660,500+,
1号会员店（One's Member）胡椒猪肚鸡1.4kg 预制菜半成品快手菜速食方便,69.90,1号会员店,https://mall.jd.com/index-1000343263.html?from=pc,https://item.jd.com/100072253065.html,京东自营,100072253065,5000+,
惠寻京东自有品牌金汤酸菜鱼450g*3袋半成品预制菜黑鱼片速冻菜肴,39.90,惠寻京东自营旗舰店,https://mall.jd.com/index-1000309622.html?from=pc,https://item.jd.com/100055711244.html,京东自营,100055711244,2万+,
1号会员店辣子鸡去骨腿肉两次预炸空气炸锅小吃追剧啤酒下酒菜可商用400g*2,59.90,1号会员店,https://mall.jd.com/index-1000343263.html?from=pc,https://item.jd.com/100075918415.html,京东自营,100075918415,2000+,
西贝莜面村 客家胡椒猪肚鸡600g 方便速食 预制菜 即食半成品菜 猪肚鸡,49.90,西贝莜面村京东自营旗舰店,https://mall.jd.com/index-1000103622.html?from=pc,https://item.jd.com/100022036876.html,京东自营,100022036876,20万+,
东方甄选爆汁烤肠 肉质营养 肉香醇香 8根/盒 纯香肉肠 香肠 生鲜 预制菜 【3盒】黑胡椒味*3,99.00,东方甄选官方旗舰店,https://mall.jd.com/index-12044878.html?from=pc,https://item.jd.com/10057844115299.html,12044878,10057844115299,5万+,
三珍斋 东坡肉200g+狮子头400g方便速食即食下酒菜预制菜中华老字号,49.90,三珍斋食品京东自营旗舰店,https://mall.jd.com/index-1000209181.html?from=pc,https://item.jd.com/100019362924.html,京东自营,100019362924,10万+,
甘竹牌红腰豆罐头435g*3罐广东特产即食零食罐头下饭酒菜预制菜,21.80,甘竹京东自营旗舰店,https://mall.jd.com/index-1000476125.html?from=pc,https://item.jd.com/100005069040.html,京东自营,100005069040,5万+,
麻六记鱼香肉丝350g*2方便速食半成品方便菜预制菜家常菜,49.00,麻六记京东自营官方旗舰店,https://mall.jd.com/index-1000455787.html?from=pc,https://item.jd.com/100051906028.html,京东自营,100051906028,2万+,
松屋熟制牛肉料理包135g*3袋 日式速食方便菜 预制菜速冻快手菜肴包,59.90,松屋生鲜京东自营旗舰店,https://mall.jd.com/index-1000455441.html?from=pc,https://item.jd.com/100017174702.html,京东自营,100017174702,2万+,
龙大美食白水肥肠200g*6 免洗免切 95%熟度少脂少油 红烧卤肥肠预制食材,69.90,龙大美食京东自营旗舰店,https://mall.jd.com/index-1000328061.html?from=pc,https://item.jd.com/100072036745.html,京东自营,100072036745,5万+,
老诚一锅羊蝎子北京特产原汤炖肉熟食零食加热即食预制菜2.4斤/盒原味浓香,99.80,老诚一锅食品京东自营旗舰店,https://mall.jd.com/index-1000365703.html?from=pc,https://item.jd.com/100019041818.html,京东自营,100019041818,10万+,
海底捞浇头预制菜加热即食早餐半成品料理包下饭菜 咖喱牛肉200g*3袋,32.90,海底捞自热火锅京东自营旗舰店,https://mall.jd.com/index-1000083664.html?from=pc,https://item.jd.com/100101972978.html,京东自营,100101972978,1000+,
美好 迷你酥肉椒麻味1kg 猪肉酥肉 预制菜方便菜半成品菜空气炸锅食材,52.90,美好生鲜类目京东自营旗舰店,https://mall.jd.com/index-1000332923.html?from=pc,https://item.jd.com/100021335655.html,京东自营,100021335655,20万+,
正大厨易方便 预制菜 加热即食 品质菜肴 半成品快手菜 果蔬鲜虾饼160g,42.90,正大食品（CP）旗舰店,https://mall.jd.com/index-665829.html?from=pc,https://item.jd.com/10083354449464.html,665829,10083354449464,2000+,
雨润 料理包家庭常备180g*7袋 盖浇饭方便速食 菜肴快餐加热即食1260g,68.80,雨润集团京东自营旗舰店,https://mall.jd.com/index-1000366343.html?from=pc,https://item.jd.com/100031774402.html,京东自营,100031774402,5万+,
三珍斋 酱鸭400g 真空包装方便速食即食下酒菜预制菜中华老字号乌镇名卤,24.90,三珍斋食品京东自营旗舰店,https://mall.jd.com/index-1000209181.html?from=pc,https://item.jd.com/1311981.html,京东自营,1311981,5万+,
甘竹牌精装豆豉鲮鱼罐头227g*2罐广东特产即食零食罐头下饭酒菜,42.90,甘竹京东自营旗舰店,https://mall.jd.com/index-1000476125.html?from=pc,https://item.jd.com/100051740394.html,京东自营,100051740394,5万+,
丰泽园 酱香去骨肘子升级款 中华老字号北京特产 熟食下酒菜 450g,99.00,丰泽园京东自营旗舰店,https://mall.jd.com/index-1000424281.html?from=pc,https://item.jd.com/100070886932.html,京东自营,100070886932,2000+,
冻品先生安井 干锅肥肠 200g 免洗免切卤肠猪肠 私房菜方便菜预制菜,35.40,冻品先生京东自营旗舰店,https://mall.jd.com/index-1000361845.html?from=pc,https://item.jd.com/100040900025.html,京东自营,100040900025,20万+,
老诚一锅筋头巴脑牛肉筋牛蹄筋方便速食加热即食零食预制菜2.4斤原味浓香,99.00,老诚一锅食品京东自营旗舰店,https://mall.jd.com/index-1000365703.html?from=pc,https://item.jd.com/100035188868.html,京东自营,100035188868,10万+,
海底捞浇头预制菜加热即食早餐半成品料理包下饭菜番茄牛腩口味200g*3袋,32.90,海底捞自热火锅京东自营旗舰店,https://mall.jd.com/index-1000083664.html?from=pc,https://item.jd.com/100101972996.html,京东自营,100101972996,1000+,
羊食光（YASEEGO）牛筋头巴脑熟食牛肉筋牛腩半筋半肉加热即食牛蹄筋牛板筋预制菜 【香辣】筋头巴脑500g*5,119.00,羊食光旗舰店,https://mall.jd.com/index-11459770.html?from=pc,https://item.jd.com/10077192144278.html,11459770,10077192144278,1000+,
同庆楼招牌老卤烧鸡 500g 符离集 熟食卤味 加热即食 手撕鸡 安徽特产,59.90,同庆楼生鲜京东自营旗舰店,https://mall.jd.com/index-1000450186.html?from=pc,https://item.jd.com/100063350803.html,京东自营,100063350803,2万+,
京东京造十参十鲍佛跳墙1.5kg 固形物高于50% 海参鲍鱼金汤大盆菜,169.00,京东京造自营官方旗舰店,https://mall.jd.com/index-1000096602.html?from=pc,https://item.jd.com/100065436727.html,京东自营,100065436727,2万+,
1号会员店红烧小小狮子头 甄选猪肉七瘦三肥 预制菜快手菜 500g*3,66.00,1号会员店,https://mall.jd.com/index-1000343263.html?from=pc,https://item.jd.com/100075310102.html,京东自营,100075310102,2000+,
上麟记蒲烧鳗鱼200g整条（鳗鱼165g+酱汁35g）烤鳗鱼加热即食预制菜肴,79.90,上麟记生鲜京东自营旗舰店,https://mall.jd.com/index-1000286121.html?from=pc,https://item.jd.com/100010782464.html,京东自营,100010782464,5万+,
金路易美食艺术家 无骨鸡柳 原味 500g 油炸原味香酥半成品 空气炸锅食材,20.46,金路易京东自营旗舰店,https://mall.jd.com/index-1000084124.html?from=pc,https://item.jd.com/4347898.html,京东自营,4347898,50万+,
广州酒家利口福 豉油鸡520g 方便菜 快手菜 熟食 熟鸡 三黄鸡 粤式菜式,52.00,广州酒家利口福京东自营官方旗舰店,https://mall.jd.com/index-1000085027.html?from=pc,https://item.jd.com/100019958464.html,京东自营,100019958464,20万+,
叮叮懒人菜胡椒猪肚鸡600g 年夜饭半成品冷冻预制快手菜加热速即食家宴,38.90,叮叮懒人菜京东自营官方旗舰店,https://mall.jd.com/index-1000416850.html?from=pc,https://item.jd.com/100064241008.html,京东自营,100064241008,2万+,
1号会员店鱼头泡饼 一斤半散养鳙鱼 手工烙饼 半成品预制菜 1.31kg,88.00,1号会员店,https://mall.jd.com/index-1000343263.html?from=pc,https://item.jd.com/100070225462.html,京东自营,100070225462,2000+,
北戴河（BDH） 红烧牛肉罐头即食预制菜熟食方便速食家庭应急食品长期储备物资 红烧牛肉340g*12罐（整箱囤）,541.00,北戴河食品官方旗舰店,https://mall.jd.com/index-651090.html?from=pc,https://item.jd.com/10025015719916.html,651090,10025015719916,2万+,
丰泽园酱香猪头肉 熟食预制菜 中华老字号北京特产 方便速食卤肉 300g,36.90,丰泽园京东自营旗舰店,https://mall.jd.com/index-1000424281.html?from=pc,https://item.jd.com/100070886954.html,京东自营,100070886954,2000+,
安井 盐酥鸡 鸡米花 500g 藤椒味 鸡块 空气炸锅油炸小吃 冷冻预制菜,21.80,安井京东自营旗舰店,https://mall.jd.com/index-1000086155.html?from=pc,https://item.jd.com/100051905460.html,京东自营,100051905460,2万+,
东方甄选爆汁烤肠 肉质营养 肉香醇香 8根/盒 纯香肉肠 香肠 生鲜 预制菜 【3盒】原味*2 芝士玉米味*1,99.00,东方甄选官方旗舰店,https://mall.jd.com/index-12044878.html?from=pc,https://item.jd.com/10073274479995.html,12044878,10073274479995,5万+,
董到家大董烤鸭半只片片鸭加热即食半成品预制速食菜 大董烤鸭半只片片鸭风味版630g,159.00,董到家旗舰店,https://mall.jd.com/index-780494.html?from=pc,https://item.jd.com/10061549409815.html,780494,10061549409815,200+,
谷言料理包预制菜 10种口味组合套餐 方便速食菜肴 冷冻生鲜加热即食 美味20种套餐,128.00,谷言官方旗舰店,https://mall.jd.com/index-784321.html?from=pc,https://item.jd.com/10061014997682.html,784321,10061014997682,2万+,
谷言预制菜 速食 番茄牛腩500g 加热即食 半成品快手菜 方便食品,36.90,谷言京东自营旗舰店,https://mall.jd.com/index-1000106427.html?from=pc,https://item.jd.com/100054775819.html,京东自营,100054775819,2万+,
晨曦金汤佛跳墙220克*5盒 捞饭加热即食鲍鱼花胶海鲜大盆菜预制菜,118.00,晨曦京东自营旗舰店,https://mall.jd.com/index-1000472215.html?from=pc,https://item.jd.com/100068707932.html,京东自营,100068707932,1000+,
谷言料理包预制菜 10种口味组合套餐 方便速食菜肴 冷冻生鲜加热即食 美味15种套餐,98.00,谷言官方旗舰店,https://mall.jd.com/index-784321.html?from=pc,https://item.jd.com/10061014997680.html,784321,10061014997680,2万+,
老徽乡臭鳜鱼安徽黄山特产臭桂鱼腌制生鲜徽菜预制菜家宴年货带包装 3条共4.5斤（单条约1.5斤）,318.00,徽味鲜生鲜店,https://mall.jd.com/index-768314.html?from=pc,https://item.jd.com/10059519022029.html,768314,10059519022029,5万+,
谷言预制菜 牛肉煲 酱香味 410g 牛肉火锅 半成品菜 快手菜 生鲜,56.90,谷言京东自营旗舰店,https://mall.jd.com/index-1000106427.html?from=pc,https://item.jd.com/100022894526.html,京东自营,100022894526,10万+,
海进士麻辣海鲜熟食麻辣小海鲜网红零食罐装即食生蚝鲍鱼八爪鱼海螺罐头 豪海鲜礼包【八爪鲍鱼生蚝等16款,68.80,嘉钰生鲜店,https://mall.jd.com/index-11408830.html?from=pc,https://item.jd.com/10096498710965.html,11408830,10096498710965,2万+,
1号会员店（One's Member）泰式冬阴功海鲜锅900g 东南亚海鲜贝虾河粉方便,69.90,1号会员店,https://mall.jd.com/index-1000343263.html?from=pc,https://item.jd.com/100096211902.html,京东自营,100096211902,5万+,
西贝莜面村【拍4件省】浓醇汤底莜面鱼鱼四种口味 粗粮主食门店同款 预制菜 酸汤莜面鱼鱼300g,29.90,西贝莜面村旗舰店,https://mall.jd.com/index-870989.html?from=pc,https://item.jd.com/10052406827337.html,870989,10052406827337,2万+,
满家乐椰子鸡火锅 120天切块走地鸡 鸡肉 生鲜 预制菜 大份椰子鸡2.5kg(3-4人),109.00,满家乐旗舰店,https://mall.jd.com/index-927410.html?from=pc,https://item.jd.com/10074352052115.html,927410,10074352052115,2000+,
鳗鱼皇后鳗鱼蒲烧120g切片 (鳗鱼100g+酱汁20g) 海鲜预制菜肴 加热即食,29.00,鳗鱼皇后京东自营旗舰店,https://mall.jd.com/index-1000335321.html?from=pc,https://item.jd.com/100005435240.html,京东自营,100005435240,20万+,
北戴河（BDH） 红烧牛肉罐头即食预制菜熟食方便速食家庭应急食品长期储备物资 红烧牛肉178g*4罐,108.00,北戴河食品官方旗舰店,https://mall.jd.com/index-651090.html?from=pc,https://item.jd.com/10025015719912.html,651090,10025015719912,2万+,
同庆楼四喜丸子 650g 预制菜 方便菜 半成品 快手菜 肉丸子 加热即食,19.90,同庆楼生鲜京东自营旗舰店,https://mall.jd.com/index-1000450186.html?from=pc,https://item.jd.com/100049740956.html,京东自营,100049740956,1万+,
即食家 酱香微辣羊蝎子火锅 1.1kg 羊肉 预制菜 火锅,39.90,预制菜京东自营专区,https://mall.jd.com/index-1000467107.html?from=pc,https://item.jd.com/100072934953.html,京东自营,100072934953,2万+,
冻品先生 安井 孜然羊排 508g 1袋 生鲜冷冻羊肉排骨 方便菜食材 烧烤季,65.90,冻品先生京东自营旗舰店,https://mall.jd.com/index-1000361845.html?from=pc,https://item.jd.com/100034926316.html,京东自营,100034926316,20万+,
1号会员店川味肘子优选猪前肘一份一斤半肘子预制菜快手菜年夜饭年货1.05kg,69.90,1号会员店,https://mall.jd.com/index-1000343263.html?from=pc,https://item.jd.com/100078197102.html,京东自营,100078197102,1000+,
灵略金汤酸菜鱼2.7斤/3袋半成品懒人速食预制菜生鲜,36.90,灵略京东自营旗舰店,https://mall.jd.com/index-1000461722.html?from=pc,https://item.jd.com/100060887464.html,京东自营,100060887464,1000+,
李锦记李锦记即食鲍鱼罐头吉品鲍4只装180g 海鲜预制菜港式风味盆菜鲍汁,102.00,李锦记方便食品京东自营旗舰店,https://mall.jd.com/index-1000481067.html?from=pc,https://item.jd.com/100091180530.html,京东自营,100091180530,2000+,
极丰臻鲜佛跳墙正宗十参十鲍大盆菜盘菜 年夜饭预制菜生海鲜年货礼盒1600g,128.00,湖塘煙雨京东自营旗舰店,https://mall.jd.com/index-1000224864.html?from=pc,https://item.jd.com/100028440428.html,京东自营,100028440428,2万+,
红小厨正宗金汤佛跳墙礼盒240g*8罐家庭装盆菜加热即食预制菜海鲜,499.00,红小厨京东自营旗舰店,https://mall.jd.com/index-1000323722.html?from=pc,https://item.jd.com/100031164454.html,京东自营,100031164454,5万+,
1号会员店锅包肉 纯猪里脊肉 地道东北味 油炸小吃 空气炸锅 可商用400g*1,25.90,1号会员店,https://mall.jd.com/index-1000343263.html?from=pc,https://item.jd.com/100087679054.html,京东自营,100087679054,2000+,
东来顺香辣羊蝎子礼袋1000g中华老字号清真熟食预制菜方便即食,98.00,东来顺京东自营官方旗舰店,https://mall.jd.com/index-1000340362.html?from=pc,https://item.jd.com/100044164365.html,京东自营,100044164365,10万+,
真正老陆稿荐 酱排骨真空盒装280g 中华老字号无锡特产速食即食下酒菜,35.00,真正老陆稿荐京东自营旗舰店,https://mall.jd.com/index-1000129805.html?from=pc,https://item.jd.com/787787.html,京东自营,787787,10万+,
广州酒家利口福 盐焗鸡520g 方便菜 快手菜 三黄鸡 熟鸡 熟食 粤式风味,52.00,广州酒家利口福京东自营官方旗舰店,https://mall.jd.com/index-1000085027.html?from=pc,https://item.jd.com/100019958374.html,京东自营,100019958374,20万+,
食其家日本牛肉拌饭料理120g*3袋日式预制菜速食半成品加热即食,33.50,食其家京东自营旗舰店,https://mall.jd.com/index-1000483405.html?from=pc,https://item.jd.com/100089012660.html,京东自营,100089012660,500+,
1号会员店（One's Member）胡椒猪肚鸡1.4kg 预制菜半成品快手菜速食方便,69.90,1号会员店,https://mall.jd.com/index-1000343263.html?from=pc,https://item.jd.com/100072253065.html,京东自营,100072253065,5000+,
惠寻京东自有品牌金汤酸菜鱼450g*3袋半成品预制菜黑鱼片速冻菜肴,39.90,惠寻京东自营旗舰店,https://mall.jd.com/index-1000309622.html?from=pc,https://item.jd.com/100055711244.html,京东自营,100055711244,2万+,
1号会员店辣子鸡去骨腿肉两次预炸空气炸锅小吃追剧啤酒下酒菜可商用400g*2,59.90,1号会员店,https://mall.jd.com/index-1000343263.html?from=pc,https://item.jd.com/100075918415.html,京东自营,100075918415,2000+,
西贝莜面村 客家胡椒猪肚鸡600g 方便速食 预制菜 即食半成品菜 猪肚鸡,49.90,西贝莜面村京东自营旗舰店,https://mall.jd.com/index-1000103622.html?from=pc,https://item.jd.com/100022036876.html,京东自营,100022036876,20万+,
东方甄选爆汁烤肠 肉质营养 肉香醇香 8根/盒 纯香肉肠 香肠 生鲜 预制菜 【3盒】黑胡椒味*3,99.00,东方甄选官方旗舰店,https://mall.jd.com/index-12044878.html?from=pc,https://item.jd.com/10057844115299.html,12044878,10057844115299,5万+,
三珍斋 东坡肉200g+狮子头400g方便速食即食下酒菜预制菜中华老字号,49.90,三珍斋食品京东自营旗舰店,https://mall.jd.com/index-1000209181.html?from=pc,https://item.jd.com/100019362924.html,京东自营,100019362924,10万+,
甘竹牌红腰豆罐头435g*3罐广东特产即食零食罐头下饭酒菜预制菜,21.80,甘竹京东自营旗舰店,https://mall.jd.com/index-1000476125.html?from=pc,https://item.jd.com/100005069040.html,京东自营,100005069040,5万+,
麻六记鱼香肉丝350g*2方便速食半成品方便菜预制菜家常菜,49.00,麻六记京东自营官方旗舰店,https://mall.jd.com/index-1000455787.html?from=pc,https://item.jd.com/100051906028.html,京东自营,100051906028,2万+,
松屋熟制牛肉料理包135g*3袋 日式速食方便菜 预制菜速冻快手菜肴包,59.90,松屋生鲜京东自营旗舰店,https://mall.jd.com/index-1000455441.html?from=pc,https://item.jd.com/100017174702.html,京东自营,100017174702,2万+,
龙大美食白水肥肠200g*6 免洗免切 95%熟度少脂少油 红烧卤肥肠预制食材,69.90,龙大美食京东自营旗舰店,https://mall.jd.com/index-1000328061.html?from=pc,https://item.jd.com/100072036745.html,京东自营,100072036745,5万+,
老诚一锅羊蝎子北京特产原汤炖肉熟食零食加热即食预制菜2.4斤/盒原味浓香,99.80,老诚一锅食品京东自营旗舰店,https://mall.jd.com/index-1000365703.html?from=pc,https://item.jd.com/100019041818.html,京东自营,100019041818,10万+,
海底捞浇头预制菜加热即食早餐半成品料理包下饭菜 咖喱牛肉200g*3袋,32.90,海底捞自热火锅京东自营旗舰店,https://mall.jd.com/index-1000083664.html?from=pc,https://item.jd.com/100101972978.html,京东自营,100101972978,1000+,
美好 迷你酥肉椒麻味1kg 猪肉酥肉 预制菜方便菜半成品菜空气炸锅食材,52.90,美好生鲜类目京东自营旗舰店,https://mall.jd.com/index-1000332923.html?from=pc,https://item.jd.com/100021335655.html,京东自营,100021335655,20万+,
正大厨易方便 预制菜 加热即食 品质菜肴 半成品快手菜 果蔬鲜虾饼160g,42.90,正大食品（CP）旗舰店,https://mall.jd.com/index-665829.html?from=pc,https://item.jd.com/10083354449464.html,665829,10083354449464,2000+,
雨润 料理包家庭常备180g*7袋 盖浇饭方便速食 菜肴快餐加热即食1260g,68.80,雨润集团京东自营旗舰店,https://mall.jd.com/index-1000366343.html?from=pc,https://item.jd.com/100031774402.html,京东自营,100031774402,5万+,
三珍斋 酱鸭400g 真空包装方便速食即食下酒菜预制菜中华老字号乌镇名卤,24.90,三珍斋食品京东自营旗舰店,https://mall.jd.com/index-1000209181.html?from=pc,https://item.jd.com/1311981.html,京东自营,1311981,5万+,
甘竹牌精装豆豉鲮鱼罐头227g*2罐广东特产即食零食罐头下饭酒菜,42.90,甘竹京东自营旗舰店,https://mall.jd.com/index-1000476125.html?from=pc,https://item.jd.com/100051740394.html,京东自营,100051740394,5万+,
丰泽园 酱香去骨肘子升级款 中华老字号北京特产 熟食下酒菜 450g,99.00,丰泽园京东自营旗舰店,https://mall.jd.com/index-1000424281.html?from=pc,https://item.jd.com/100070886932.html,京东自营,100070886932,2000+,
冻品先生安井 干锅肥肠 200g 免洗免切卤肠猪肠 私房菜方便菜预制菜,35.40,冻品先生京东自营旗舰店,https://mall.jd.com/index-1000361845.html?from=pc,https://item.jd.com/100040900025.html,京东自营,100040900025,20万+,
老诚一锅筋头巴脑牛肉筋牛蹄筋方便速食加热即食零食预制菜2.4斤原味浓香,99.00,老诚一锅食品京东自营旗舰店,https://mall.jd.com/index-1000365703.html?from=pc,https://item.jd.com/100035188868.html,京东自营,100035188868,10万+,
海底捞浇头预制菜加热即食早餐半成品料理包下饭菜番茄牛腩口味200g*3袋,32.90,海底捞自热火锅京东自营旗舰店,https://mall.jd.com/index-1000083664.html?from=pc,https://item.jd.com/100101972996.html,京东自营,100101972996,1000+,
羊食光（YASEEGO）牛筋头巴脑熟食牛肉筋牛腩半筋半肉加热即食牛蹄筋牛板筋预制菜 【香辣】筋头巴脑500g*5,119.00,羊食光旗舰店,https://mall.jd.com/index-11459770.html?from=pc,https://item.jd.com/10077192144278.html,11459770,10077192144278,1000+,
同庆楼招牌老卤烧鸡 500g 符离集 熟食卤味 加热即食 手撕鸡 安徽特产,59.90,同庆楼生鲜京东自营旗舰店,https://mall.jd.com/index-1000450186.html?from=pc,https://item.jd.com/100063350803.html,京东自营,100063350803,2万+,
京东京造十参十鲍佛跳墙1.5kg 固形物高于50% 海参鲍鱼金汤大盆菜,169.00,京东京造自营官方旗舰店,https://mall.jd.com/index-1000096602.html?from=pc,https://item.jd.com/100065436727.html,京东自营,100065436727,2万+,
1号会员店红烧小小狮子头 甄选猪肉七瘦三肥 预制菜快手菜 500g*3,66.00,1号会员店,https://mall.jd.com/index-1000343263.html?from=pc,https://item.jd.com/100075310102.html,京东自营,100075310102,2000+,
上麟记蒲烧鳗鱼200g整条（鳗鱼165g+酱汁35g）烤鳗鱼加热即食预制菜肴,79.90,上麟记生鲜京东自营旗舰店,https://mall.jd.com/index-1000286121.html?from=pc,https://item.jd.com/100010782464.html,京东自营,100010782464,5万+,
金路易美食艺术家 无骨鸡柳 原味 500g 油炸原味香酥半成品 空气炸锅食材,20.46,金路易京东自营旗舰店,https://mall.jd.com/index-1000084124.html?from=pc,https://item.jd.com/4347898.html,京东自营,4347898,50万+,
广州酒家利口福 豉油鸡520g 方便菜 快手菜 熟食 熟鸡 三黄鸡 粤式菜式,52.00,广州酒家利口福京东自营官方旗舰店,https://mall.jd.com/index-1000085027.html?from=pc,https://item.jd.com/100019958464.html,京东自营,100019958464,20万+,
叮叮懒人菜胡椒猪肚鸡600g 年夜饭半成品冷冻预制快手菜加热速即食家宴,38.90,叮叮懒人菜京东自营官方旗舰店,https://mall.jd.com/index-1000416850.html?from=pc,https://item.jd.com/100064241008.html,京东自营,100064241008,2万+,
1号会员店鱼头泡饼 一斤半散养鳙鱼 手工烙饼 半成品预制菜 1.31kg,88.00,1号会员店,https://mall.jd.com/index-1000343263.html?from=pc,https://item.jd.com/100070225462.html,京东自营,100070225462,2000+,
北戴河（BDH） 红烧牛肉罐头即食预制菜熟食方便速食家庭应急食品长期储备物资 红烧牛肉340g*12罐（整箱囤）,541.00,北戴河食品官方旗舰店,https://mall.jd.com/index-651090.html?from=pc,https://item.jd.com/10025015719916.html,651090,10025015719916,2万+,
丰泽园酱香猪头肉 熟食预制菜 中华老字号北京特产 方便速食卤肉 300g,36.90,丰泽园京东自营旗舰店,https://mall.jd.com/index-1000424281.html?from=pc,https://item.jd.com/100070886954.html,京东自营,100070886954,2000+,
安井 盐酥鸡 鸡米花 500g 藤椒味 鸡块 空气炸锅油炸小吃 冷冻预制菜,21.80,安井京东自营旗舰店,https://mall.jd.com/index-1000086155.html?from=pc,https://item.jd.com/100051905460.html,京东自营,100051905460,2万+,
东方甄选爆汁烤肠 肉质营养 肉香醇香 8根/盒 纯香肉肠 香肠 生鲜 预制菜 【3盒】原味*2 芝士玉米味*1,99.00,东方甄选官方旗舰店,https://mall.jd.com/index-12044878.html?from=pc,https://item.jd.com/10073274479995.html,12044878,10073274479995,5万+,
董到家大董烤鸭半只片片鸭加热即食半成品预制速食菜 大董烤鸭半只片片鸭风味版630g,159.00,董到家旗舰店,https://mall.jd.com/index-780494.html?from=pc,https://item.jd.com/10061549409815.html,780494,10061549409815,200+,
谷言料理包预制菜 10种口味组合套餐 方便速食菜肴 冷冻生鲜加热即食 美味20种套餐,128.00,谷言官方旗舰店,https://mall.jd.com/index-784321.html?from=pc,https://item.jd.com/10061014997682.html,784321,10061014997682,2万+,
谷言预制菜 速食 番茄牛腩500g 加热即食 半成品快手菜 方便食品,36.90,谷言京东自营旗舰店,https://mall.jd.com/index-1000106427.html?from=pc,https://item.jd.com/100054775819.html,京东自营,100054775819,2万+,
晨曦金汤佛跳墙220克*5盒 捞饭加热即食鲍鱼花胶海鲜大盆菜预制菜,118.00,晨曦京东自营旗舰店,https://mall.jd.com/index-1000472215.html?from=pc,https://item.jd.com/100068707932.html,京东自营,100068707932,1000+,
谷言料理包预制菜 10种口味组合套餐 方便速食菜肴 冷冻生鲜加热即食 美味15种套餐,98.00,谷言官方旗舰店,https://mall.jd.com/index-784321.html?from=pc,https://item.jd.com/10061014997680.html,784321,10061014997680,2万+,
老徽乡臭鳜鱼安徽黄山特产臭桂鱼腌制生鲜徽菜预制菜家宴年货带包装 3条共4.5斤（单条约1.5斤）,318.00,徽味鲜生鲜店,https://mall.jd.com/index-768314.html?from=pc,https://item.jd.com/10059519022029.html,768314,10059519022029,5万+,
谷言预制菜 牛肉煲 酱香味 410g 牛肉火锅 半成品菜 快手菜 生鲜,56.90,谷言京东自营旗舰店,https://mall.jd.com/index-1000106427.html?from=pc,https://item.jd.com/100022894526.html,京东自营,100022894526,10万+,
海进士麻辣海鲜熟食麻辣小海鲜网红零食罐装即食生蚝鲍鱼八爪鱼海螺罐头 豪海鲜礼包【八爪鲍鱼生蚝等16款,68.80,嘉钰生鲜店,https://mall.jd.com/index-11408830.html?from=pc,https://item.jd.com/10096498710965.html,11408830,10096498710965,2万+,
1号会员店（One's Member）泰式冬阴功海鲜锅900g 东南亚海鲜贝虾河粉方便,69.90,1号会员店,https://mall.jd.com/index-1000343263.html?from=pc,https://item.jd.com/100096211902.html,京东自营,100096211902,5万+,
西贝莜面村【拍4件省】浓醇汤底莜面鱼鱼四种口味 粗粮主食门店同款 预制菜 酸汤莜面鱼鱼300g,29.90,西贝莜面村旗舰店,https://mall.jd.com/index-870989.html?from=pc,https://item.jd.com/10052406827337.html,870989,10052406827337,2万+,
满家乐椰子鸡火锅 120天切块走地鸡 鸡肉 生鲜 预制菜 大份椰子鸡2.5kg(3-4人),109.00,满家乐旗舰店,https://mall.jd.com/index-927410.html?from=pc,https://item.jd.com/10074352052115.html,927410,10074352052115,2000+,
鳗鱼皇后鳗鱼蒲烧120g切片 (鳗鱼100g+酱汁20g) 海鲜预制菜肴 加热即食,29.00,鳗鱼皇后京东自营旗舰店,https://mall.jd.com/index-1000335321.html?from=pc,https://item.jd.com/100005435240.html,京东自营,100005435240,20万+,
北戴河（BDH） 红烧牛肉罐头即食预制菜熟食方便速食家庭应急食品长期储备物资 红烧牛肉178g*4罐,108.00,北戴河食品官方旗舰店,https://mall.jd.com/index-651090.html?from=pc,https://item.jd.com/10025015719912.html,651090,10025015719912,2万+,
同庆楼四喜丸子 650g 预制菜 方便菜 半成品 快手菜 肉丸子 加热即食,19.90,同庆楼生鲜京东自营旗舰店,https://mall.jd.com/index-1000450186.html?from=pc,https://item.jd.com/100049740956.html,京东自营,100049740956,1万+,
即食家 酱香微辣羊蝎子火锅 1.1kg 羊肉 预制菜 火锅,39.90,预制菜京东自营专区,https://mall.jd.com/index-1000467107.html?from=pc,https://item.jd.com/100072934953.html,京东自营,100072934953,2万+,
冻品先生 安井 孜然羊排 508g 1袋 生鲜冷冻羊肉排骨 方便菜食材 烧烤季,65.90,冻品先生京东自营旗舰店,https://mall.jd.com/index-1000361845.html?from=pc,https://item.jd.com/100034926316.html,京东自营,100034926316,20万+,
1号会员店川味肘子优选猪前肘一份一斤半肘子预制菜快手菜年夜饭年货1.05kg,69.90,1号会员店,https://mall.jd.com/index-1000343263.html?from=pc,https://item.jd.com/100078197102.html,京东自营,100078197102,1000+,
灵略金汤酸菜鱼2.7斤/3袋半成品懒人速食预制菜生鲜,36.90,灵略京东自营旗舰店,https://mall.jd.com/index-1000461722.html?from=pc,https://item.jd.com/100060887464.html,京东自营,100060887464,1000+,
李锦记李锦记即食鲍鱼罐头吉品鲍4只装180g 海鲜预制菜港式风味盆菜鲍汁,102.00,李锦记方便食品京东自营旗舰店,https://mall.jd.com/index-1000481067.html?from=pc,https://item.jd.com/100091180530.html,京东自营,100091180530,2000+,
极丰臻鲜佛跳墙正宗十参十鲍大盆菜盘菜 年夜饭预制菜生海鲜年货礼盒1600g,128.00,湖塘煙雨京东自营旗舰店,https://mall.jd.com/index-1000224864.html?from=pc,https://item.jd.com/100028440428.html,京东自营,100028440428,2万+,
红小厨正宗金汤佛跳墙礼盒240g*8罐家庭装盆菜加热即食预制菜海鲜,499.00,红小厨京东自营旗舰店,https://mall.jd.com/index-1000323722.html?from=pc,https://item.jd.com/100031164454.html,京东自营,100031164454,5万+,
1号会员店锅包肉 纯猪里脊肉 地道东北味 油炸小吃 空气炸锅 可商用400g*1,25.90,1号会员店,https://mall.jd.com/index-1000343263.html?from=pc,https://item.jd.com/100087679054.html,京东自营,100087679054,2000+,
东来顺香辣羊蝎子礼袋1000g中华老字号清真熟食预制菜方便即食,98.00,东来顺京东自营官方旗舰店,https://mall.jd.com/index-1000340362.html?from=pc,https://item.jd.com/100044164365.html,京东自营,100044164365,10万+,
真正老陆稿荐 酱排骨真空盒装280g 中华老字号无锡特产速食即食下酒菜,35.00,真正老陆稿荐京东自营旗舰店,https://mall.jd.com/index-1000129805.html?from=pc,https://item.jd.com/787787.html,京东自营,787787,10万+,
广州酒家利口福 盐焗鸡520g 方便菜 快手菜 三黄鸡 熟鸡 熟食 粤式风味,52.00,广州酒家利口福京东自营官方旗舰店,https://mall.jd.com/index-1000085027.html?from=pc,https://item.jd.com/100019958374.html,京东自营,100019958374,20万+,
食其家日本牛肉拌饭料理120g*3袋日式预制菜速食半成品加热即食,33.50,食其家京东自营旗舰店,https://mall.jd.com/index-1000483405.html?from=pc,https://item.jd.com/100089012660.html,京东自营,100089012660,500+,
1号会员店（One's Member）胡椒猪肚鸡1.4kg 预制菜半成品快手菜速食方便,69.90,1号会员店,https://mall.jd.com/index-1000343263.html?from=pc,https://item.jd.com/100072253065.html,京东自营,100072253065,5000+,
惠寻京东自有品牌金汤酸菜鱼450g*3袋半成品预制菜黑鱼片速冻菜肴,39.90,惠寻京东自营旗舰店,https://mall.jd.com/index-1000309622.html?from=pc,https://item.jd.com/100055711244.html,京东自营,100055711244,2万+,
1号会员店辣子鸡去骨腿肉两次预炸空气炸锅小吃追剧啤酒下酒菜可商用400g*2,59.90,1号会员店,https://mall.jd.com/index-1000343263.html?from=pc,https://item.jd.com/100075918415.html,京东自营,100075918415,2000+,
西贝莜面村 客家胡椒猪肚鸡600g 方便速食 预制菜 即食半成品菜 猪肚鸡,49.90,西贝莜面村京东自营旗舰店,https://mall.jd.com/index-1000103622.html?from=pc,https://item.jd.com/100022036876.html,京东自营,100022036876,20万+,
东方甄选爆汁烤肠 肉质营养 肉香醇香 8根/盒 纯香肉肠 香肠 生鲜 预制菜 【3盒】黑胡椒味*3,99.00,东方甄选官方旗舰店,https://mall.jd.com/index-12044878.html?from=pc,https://item.jd.com/10057844115299.html,12044878,10057844115299,5万+,
三珍斋 东坡肉200g+狮子头400g方便速食即食下酒菜预制菜中华老字号,49.90,三珍斋食品京东自营旗舰店,https://mall.jd.com/index-1000209181.html?from=pc,https://item.jd.com/100019362924.html,京东自营,100019362924,10万+,
甘竹牌红腰豆罐头435g*3罐广东特产即食零食罐头下饭酒菜预制菜,21.80,甘竹京东自营旗舰店,https://mall.jd.com/index-1000476125.html?from=pc,https://item.jd.com/100005069040.html,京东自营,100005069040,5万+,
麻六记鱼香肉丝350g*2方便速食半成品方便菜预制菜家常菜,49.00,麻六记京东自营官方旗舰店,https://mall.jd.com/index-1000455787.html?from=pc,https://item.jd.com/100051906028.html,京东自营,100051906028,2万+,
松屋熟制牛肉料理包135g*3袋 日式速食方便菜 预制菜速冻快手菜肴包,59.90,松屋生鲜京东自营旗舰店,https://mall.jd.com/index-1000455441.html?from=pc,https://item.jd.com/100017174702.html,京东自营,100017174702,2万+,
龙大美食白水肥肠200g*6 免洗免切 95%熟度少脂少油 红烧卤肥肠预制食材,69.90,龙大美食京东自营旗舰店,https://mall.jd.com/index-1000328061.html?from=pc,https://item.jd.com/100072036745.html,京东自营,100072036745,5万+,
老诚一锅羊蝎子北京特产原汤炖肉熟食零食加热即食预制菜2.4斤/盒原味浓香,99.80,老诚一锅食品京东自营旗舰店,https://mall.jd.com/index-1000365703.html?from=pc,https://item.jd.com/100019041818.html,京东自营,100019041818,10万+,
海底捞浇头预制菜加热即食早餐半成品料理包下饭菜 咖喱牛肉200g*3袋,32.90,海底捞自热火锅京东自营旗舰店,https://mall.jd.com/index-1000083664.html?from=pc,https://item.jd.com/100101972978.html,京东自营,100101972978,1000+,
美好 迷你酥肉椒麻味1kg 猪肉酥肉 预制菜方便菜半成品菜空气炸锅食材,52.90,美好生鲜类目京东自营旗舰店,https://mall.jd.com/index-1000332923.html?from=pc,https://item.jd.com/100021335655.html,京东自营,100021335655,20万+,
正大厨易方便 预制菜 加热即食 品质菜肴 半成品快手菜 果蔬鲜虾饼160g,42.90,正大食品（CP）旗舰店,https://mall.jd.com/index-665829.html?from=pc,https://item.jd.com/10083354449464.html,665829,10083354449464,2000+,
雨润 料理包家庭常备180g*7袋 盖浇饭方便速食 菜肴快餐加热即食1260g,68.80,雨润集团京东自营旗舰店,https://mall.jd.com/index-1000366343.html?from=pc,https://item.jd.com/100031774402.html,京东自营,100031774402,5万+,
三珍斋 酱鸭400g 真空包装方便速食即食下酒菜预制菜中华老字号乌镇名卤,24.90,三珍斋食品京东自营旗舰店,https://mall.jd.com/index-1000209181.html?from=pc,https://item.jd.com/1311981.html,京东自营,1311981,5万+,
甘竹牌精装豆豉鲮鱼罐头227g*2罐广东特产即食零食罐头下饭酒菜,42.90,甘竹京东自营旗舰店,https://mall.jd.com/index-1000476125.html?from=pc,https://item.jd.com/100051740394.html,京东自营,100051740394,5万+,
丰泽园 酱香去骨肘子升级款 中华老字号北京特产 熟食下酒菜 450g,99.00,丰泽园京东自营旗舰店,https://mall.jd.com/index-1000424281.html?from=pc,https://item.jd.com/100070886932.html,京东自营,100070886932,2000+,
冻品先生安井 干锅肥肠 200g 免洗免切卤肠猪肠 私房菜方便菜预制菜,35.40,冻品先生京东自营旗舰店,https://mall.jd.com/index-1000361845.html?from=pc,https://item.jd.com/100040900025.html,京东自营,100040900025,20万+,
老诚一锅筋头巴脑牛肉筋牛蹄筋方便速食加热即食零食预制菜2.4斤原味浓香,99.00,老诚一锅食品京东自营旗舰店,https://mall.jd.com/index-1000365703.html?from=pc,https://item.jd.com/100035188868.html,京东自营,100035188868,10万+,
海底捞浇头预制菜加热即食早餐半成品料理包下饭菜番茄牛腩口味200g*3袋,32.90,海底捞自热火锅京东自营旗舰店,https://mall.jd.com/index-1000083664.html?from=pc,https://item.jd.com/100101972996.html,京东自营,100101972996,1000+,
羊食光（YASEEGO）牛筋头巴脑熟食牛肉筋牛腩半筋半肉加热即食牛蹄筋牛板筋预制菜 【香辣】筋头巴脑500g*5,119.00,羊食光旗舰店,https://mall.jd.com/index-11459770.html?from=pc,https://item.jd.com/10077192144278.html,11459770,10077192144278,1000+,
同庆楼招牌老卤烧鸡 500g 符离集 熟食卤味 加热即食 手撕鸡 安徽特产,59.90,同庆楼生鲜京东自营旗舰店,https://mall.jd.com/index-1000450186.html?from=pc,https://item.jd.com/100063350803.html,京东自营,100063350803,2万+,
京东京造十参十鲍佛跳墙1.5kg 固形物高于50% 海参鲍鱼金汤大盆菜,169.00,京东京造自营官方旗舰店,https://mall.jd.com/index-1000096602.html?from=pc,https://item.jd.com/100065436727.html,京东自营,100065436727,2万+,
1号会员店红烧小小狮子头 甄选猪肉七瘦三肥 预制菜快手菜 500g*3,66.00,1号会员店,https://mall.jd.com/index-1000343263.html?from=pc,https://item.jd.com/100075310102.html,京东自营,100075310102,2000+,
上麟记蒲烧鳗鱼200g整条（鳗鱼165g+酱汁35g）烤鳗鱼加热即食预制菜肴,79.90,上麟记生鲜京东自营旗舰店,https://mall.jd.com/index-1000286121.html?from=pc,https://item.jd.com/100010782464.html,京东自营,100010782464,5万+,
金路易美食艺术家 无骨鸡柳 原味 500g 油炸原味香酥半成品 空气炸锅食材,20.46,金路易京东自营旗舰店,https://mall.jd.com/index-1000084124.html?from=pc,https://item.jd.com/4347898.html,京东自营,4347898,50万+,
广州酒家利口福 豉油鸡520g 方便菜 快手菜 熟食 熟鸡 三黄鸡 粤式菜式,52.00,广州酒家利口福京东自营官方旗舰店,https://mall.jd.com/index-1000085027.html?from=pc,https://item.jd.com/100019958464.html,京东自营,100019958464,20万+,
叮叮懒人菜胡椒猪肚鸡600g 年夜饭半成品冷冻预制快手菜加热速即食家宴,38.90,叮叮懒人菜京东自营官方旗舰店,https://mall.jd.com/index-1000416850.html?from=pc,https://item.jd.com/100064241008.html,京东自营,100064241008,2万+,
1号会员店鱼头泡饼 一斤半散养鳙鱼 手工烙饼 半成品预制菜 1.31kg,88.00,1号会员店,https://mall.jd.com/index-1000343263.html?from=pc,https://item.jd.com/100070225462.html,京东自营,100070225462,2000+,
北戴河（BDH） 红烧牛肉罐头即食预制菜熟食方便速食家庭应急食品长期储备物资 红烧牛肉340g*12罐（整箱囤）,541.00,北戴河食品官方旗舰店,https://mall.jd.com/index-651090.html?from=pc,https://item.jd.com/10025015719916.html,651090,10025015719916,2万+,
丰泽园酱香猪头肉 熟食预制菜 中华老字号北京特产 方便速食卤肉 300g,36.90,丰泽园京东自营旗舰店,https://mall.jd.com/index-1000424281.html?from=pc,https://item.jd.com/100070886954.html,京东自营,100070886954,2000+,
安井 盐酥鸡 鸡米花 500g 藤椒味 鸡块 空气炸锅油炸小吃 冷冻预制菜,21.80,安井京东自营旗舰店,https://mall.jd.com/index-1000086155.html?from=pc,https://item.jd.com/100051905460.html,京东自营,100051905460,2万+,
东方甄选爆汁烤肠 肉质营养 肉香醇香 8根/盒 纯香肉肠 香肠 生鲜 预制菜 【3盒】原味*2 芝士玉米味*1,99.00,东方甄选官方旗舰店,https://mall.jd.com/index-12044878.html?from=pc,https://item.jd.com/10073274479995.html,12044878,10073274479995,5万+,
董到家大董烤鸭半只片片鸭加热即食半成品预制速食菜 大董烤鸭半只片片鸭风味版630g,159.00,董到家旗舰店,https://mall.jd.com/index-780494.html?from=pc,https://item.jd.com/10061549409815.html,780494,10061549409815,200+,
谷言料理包预制菜 10种口味组合套餐 方便速食菜肴 冷冻生鲜加热即食 美味20种套餐,128.00,谷言官方旗舰店,https://mall.jd.com/index-784321.html?from=pc,https://item.jd.com/10061014997682.html,784321,10061014997682,2万+,
谷言预制菜 速食 番茄牛腩500g 加热即食 半成品快手菜 方便食品,36.90,谷言京东自营旗舰店,https://mall.jd.com/index-1000106427.html?from=pc,https://item.jd.com/100054775819.html,京东自营,100054775819,2万+,
晨曦金汤佛跳墙220克*5盒 捞饭加热即食鲍鱼花胶海鲜大盆菜预制菜,118.00,晨曦京东自营旗舰店,https://mall.jd.com/index-1000472215.html?from=pc,https://item.jd.com/100068707932.html,京东自营,100068707932,1000+,
谷言料理包预制菜 10种口味组合套餐 方便速食菜肴 冷冻生鲜加热即食 美味15种套餐,98.00,谷言官方旗舰店,https://mall.jd.com/index-784321.html?from=pc,https://item.jd.com/10061014997680.html,784321,10061014997680,2万+,
老徽乡臭鳜鱼安徽黄山特产臭桂鱼腌制生鲜徽菜预制菜家宴年货带包装 3条共4.5斤（单条约1.5斤）,318.00,徽味鲜生鲜店,https://mall.jd.com/index-768314.html?from=pc,https://item.jd.com/10059519022029.html,768314,10059519022029,5万+,
谷言预制菜 牛肉煲 酱香味 410g 牛肉火锅 半成品菜 快手菜 生鲜,56.90,谷言京东自营旗舰店,https://mall.jd.com/index-1000106427.html?from=pc,https://item.jd.com/100022894526.html,京东自营,100022894526,10万+,
海进士麻辣海鲜熟食麻辣小海鲜网红零食罐装即食生蚝鲍鱼八爪鱼海螺罐头 豪海鲜礼包【八爪鲍鱼生蚝等16款,68.80,嘉钰生鲜店,https://mall.jd.com/index-11408830.html?from=pc,https://item.jd.com/10096498710965.html,11408830,10096498710965,2万+,
1号会员店（One's Member）泰式冬阴功海鲜锅900g 东南亚海鲜贝虾河粉方便,69.90,1号会员店,https://mall.jd.com/index-1000343263.html?from=pc,https://item.jd.com/100096211902.html,京东自营,100096211902,5万+,
西贝莜面村【拍4件省】浓醇汤底莜面鱼鱼四种口味 粗粮主食门店同款 预制菜 酸汤莜面鱼鱼300g,29.90,西贝莜面村旗舰店,https://mall.jd.com/index-870989.html?from=pc,https://item.jd.com/10052406827337.html,870989,10052406827337,2万+,
满家乐椰子鸡火锅 120天切块走地鸡 鸡肉 生鲜 预制菜 大份椰子鸡2.5kg(3-4人),109.00,满家乐旗舰店,https://mall.jd.com/index-927410.html?from=pc,https://item.jd.com/10074352052115.html,927410,10074352052115,2000+,
聪厨 牛腩煲 400g 牛肉 火锅食材 预制菜 香辣味 加热即食,34.90,聪厨京东自营旗舰店,https://mall.jd.com/index-1000087642.html?from=pc,https://item.jd.com/5018952.html,京东自营,5018952,50万+,
西贝莜面村 笋干红烧肉200g 肥瘦相间 五花三层 笋干 营养方便预制菜,39.90,西贝莜面村京东自营旗舰店,https://mall.jd.com/index-1000103622.html?from=pc,https://item.jd.com/100073440968.html,京东自营,100073440968,5万+,
极丰臻鲜佛跳墙正宗1800g大盆菜盘 年夜饭预制菜加热即食熟海鲜年货节礼盒,348.00,湖塘煙雨京东自营旗舰店,https://mall.jd.com/index-1000224864.html?from=pc,https://item.jd.com/100081410556.html,京东自营,100081410556,2万+,
汉拿山 腌制传统烤牛肉 400g/袋 香辣口味烧烤空气炸锅食材 预制菜,62.80,汉拿山京东自营旗舰店,https://mall.jd.com/index-1000280766.html?from=pc,https://item.jd.com/100012659990.html,京东自营,100012659990,10万+,
麻六记鱼香肉丝加热即食方便速食预制菜快手菜家常菜半成品 鱼香肉丝350g*3,79.90,麻六记旗舰店,https://mall.jd.com/index-12382481.html?from=pc,https://item.jd.com/10067527907491.html,12382481,10067527907491,1000+,
一米渔金汤佛跳墙加热即食单人份正宗海鲜刺参鲍鱼半成品预制菜年夜饭 【更高端刺参版】佛跳墙250g*6盒,232.24,一米渔旗舰店,https://mall.jd.com/index-711945.html?from=pc,https://item.jd.com/10063854361276.html,711945,10063854361276,2000+,
李锦记即食鲍鱼罐头吉品鲍港式风味6只装380g 鲍汁捞饭盆菜海鲜预制菜肴,199.00,李锦记方便食品京东自营旗舰店,https://mall.jd.com/index-1000481067.html?from=pc,https://item.jd.com/100091180492.html,京东自营,100091180492,2000+,
麦子妈老坛酸菜鱼 酸辣味 510g*1盒 冷冻黑鱼片火锅食材 半成品预制菜,29.90,麦子妈京东自营旗舰店,https://mall.jd.com/index-1000352903.html?from=pc,https://item.jd.com/100058492612.html,京东自营,100058492612,1000+,
广州酒家清远鸡盐焗鸡预制菜加热即食半成品菜速食快手菜豉油鸡方便菜 1.1kg 盐焗鸡,128.00,广州酒家旗舰店,https://mall.jd.com/index-24246.html?from=pc,https://item.jd.com/10078836044386.html,24246,10078836044386,2000+,
古龙午餐肉罐头340g*2（不含鸡肉）即食火锅烧烤炒饭方便面预制菜,29.80,古龙京东自营旗舰店,https://mall.jd.com/index-1000133741.html?from=pc,https://item.jd.com/100003514606.html,京东自营,100003514606,20万+,
逮虾记虾饼虾排儿童早饭赖人半成品0脂餐上班速食预制菜240g*2盒,118.00,逮虾记京东自营旗舰店,https://mall.jd.com/index-1000402901.html?from=pc,https://item.jd.com/100031857158.html,京东自营,100031857158,1万+,
叮叮懒人菜火锅黑鱼片250g*3免浆黑鱼鱼片懒人火锅半成品预制菜,99.90,叮叮懒人菜京东自营官方旗舰店,https://mall.jd.com/index-1000416850.html?from=pc,https://item.jd.com/100066617375.html,京东自营,100066617375,10万+,
西贝莜面村 黄金咖喱鱼蛋300g 奶香咖喱 嫩滑紧实 儿童预制菜,39.90,西贝莜面村京东自营旗舰店,https://mall.jd.com/index-1000103622.html?from=pc,https://item.jd.com/100078375315.html,京东自营,100078375315,5万+,
老徽乡臭鳜鱼安徽黄山特产臭桂鱼腌制生鲜徽菜预制菜家宴年货带包装 3条共3.3斤（单条约1.1斤）,228.00,徽味鲜生鲜店,https://mall.jd.com/index-768314.html?from=pc,https://item.jd.com/10059519022021.html,768314,10059519022021,5万+,
温氏 供港梅菜扣肉420g 梅干菜扣肉五花肉猪肉 微辣方便菜 加热即食,40.80,温氏食品京东自营旗舰店,https://mall.jd.com/index-1000225304.html?from=pc,https://item.jd.com/100024355564.html,京东自营,100024355564,5万+,
筷手小厨海底捞 快手菜 浇头 黄焖鸡 番茄牛腩 牛肉 下饭菜 拌饭拌面搭档 土豆牛肉+咖喱牛肉+番茄牛腩,29.70,筷手小厨官方旗舰店,https://mall.jd.com/index-176497.html?from=pc,https://item.jd.com/10097752490498.html,176497,10097752490498,1000+,
麻六记毛血旺预制菜鸭血鸭肠木耳午餐肉快手菜川菜 毛血旺800g*2,127.30,麻六记旗舰店,https://mall.jd.com/index-12382481.html?from=pc,https://item.jd.com/10066928665889.html,12382481,10066928665889,5000+,
东方甄选爆汁烤肠 肉质营养 肉香醇香 8根/盒 纯香肉肠 香肠 生鲜 预制菜 【2盒】原味牛肉肠*2,89.00,东方甄选官方旗舰店,https://mall.jd.com/index-12044878.html?from=pc,https://item.jd.com/10093640168369.html,12044878,10093640168369,5万+,
1号会员店（One's Member）葱烧海参面欧洲海参加热即食拌面预制菜460g,49.90,1号会员店,https://mall.jd.com/index-1000343263.html?from=pc,https://item.jd.com/100017595851.html,京东自营,100017595851,2万+,
甘竹牌豆豉黄花鱼罐头184g*2广东特产即食零食罐头下饭酒菜预制菜,36.80,甘竹京东自营旗舰店,https://mall.jd.com/index-1000476125.html?from=pc,https://item.jd.com/100053464574.html,京东自营,100053464574,5万+,
西贝莜面村【拍4件省】浓醇汤底莜面鱼鱼四种口味 粗粮主食门店同款 预制菜 【新口味】肉臊鲜汤燕麦鱼鱼240g,29.90,西贝莜面村旗舰店,https://mall.jd.com/index-870989.html?from=pc,https://item.jd.com/10097611546555.html,870989,10097611546555,2万+,
古龙红烧猪肉罐头500g即食下饭菜熟制预制菜面条拌饭肉夹馍火锅搭档,23.80,古龙京东自营旗舰店,https://mall.jd.com/index-1000133741.html?from=pc,https://item.jd.com/100005683336.html,京东自营,100005683336,20万+,
GUO LIAN国联 鲜虾云吞145g/袋 皮薄馅多 汤醇味香 内含调味包 方便菜,28.00,国联水产京东自营旗舰店,https://mall.jd.com/index-1000074084.html?from=pc,https://item.jd.com/100027675932.html,京东自营,100027675932,50万+,
麦子妈 【任选专区4道菜】糖醋里脊锅包肉猪排牛肉饼预制菜空气炸锅 【单袋装290g】锅包肉,60.00,麦子妈旗舰店,https://mall.jd.com/index-10229902.html?from=pc,https://item.jd.com/10096681882475.html,10229902,10096681882475,1000+,
海文铭大盆菜佛跳墙7斤礼盒装加热即食速食鲍鱼海参花胶半成品预制菜,958.00,海文铭京东自营旗舰店,https://mall.jd.com/index-1000087062.html?from=pc,https://item.jd.com/100025806954.html,京东自营,100025806954,2000+,
贵粉{速煮款}花溪牛肉粉502g*1 贵州特产米粉米线预制菜速食早餐夜宵,19.90,贵粉京东自营旗舰店,https://mall.jd.com/index-1000463285.html?from=pc,https://item.jd.com/100058307681.html,京东自营,100058307681,1万+,
聪厨 鱼皮卷 230g 开袋即食 下酒菜 海鲜水产 凉菜 凉拌菜 速冻菜肴,10.90,聪厨京东自营旗舰店,https://mall.jd.com/index-1000087642.html?from=pc,https://item.jd.com/100007423999.html,京东自营,100007423999,50万+,
海文铭福州正宗金汤佛跳墙礼盒1920g加热即食鲍鱼海参花胶海鲜预制菜,1398.00,海文铭京东自营旗舰店,https://mall.jd.com/index-1000087062.html?from=pc,https://item.jd.com/100028679106.html,京东自营,100028679106,2000+,
谷言日式牛肉拌饭料 招牌肥牛180g*5 预制菜 加热即食,59.90,谷言京东自营旗舰店,https://mall.jd.com/index-1000106427.html?from=pc,https://item.jd.com/100075921467.html,京东自营,100075921467,2万+,
北戴河（BDH） 黄花鱼罐头豆豉鲮鱼海鲜鱼类罐头下酒菜即食户外方便熟食预制菜 黄花鱼300g*24罐（整箱）,631.00,北戴河食品官方旗舰店,https://mall.jd.com/index-651090.html?from=pc,https://item.jd.com/10029975211745.html,651090,10029975211745,5000+,
聪厨 牛腩煲 400g 牛肉 火锅食材 预制菜 香辣味 加热即食,34.90,聪厨京东自营旗舰店,https://mall.jd.com/index-1000087642.html?from=pc,https://item.jd.com/5018952.html,京东自营,5018952,50万+,
西贝莜面村 笋干红烧肉200g 肥瘦相间 五花三层 笋干 营养方便预制菜,39.90,西贝莜面村京东自营旗舰店,https://mall.jd.com/index-1000103622.html?from=pc,https://item.jd.com/100073440968.html,京东自营,100073440968,5万+,
极丰臻鲜佛跳墙正宗1800g大盆菜盘 年夜饭预制菜加热即食熟海鲜年货节礼盒,348.00,湖塘煙雨京东自营旗舰店,https://mall.jd.com/index-1000224864.html?from=pc,https://item.jd.com/100081410556.html,京东自营,100081410556,2万+,
汉拿山 腌制传统烤牛肉 400g/袋 香辣口味烧烤空气炸锅食材 预制菜,62.80,汉拿山京东自营旗舰店,https://mall.jd.com/index-1000280766.html?from=pc,https://item.jd.com/100012659990.html,京东自营,100012659990,10万+,
麻六记鱼香肉丝加热即食方便速食预制菜快手菜家常菜半成品 鱼香肉丝350g*3,79.90,麻六记旗舰店,https://mall.jd.com/index-12382481.html?from=pc,https://item.jd.com/10067527907491.html,12382481,10067527907491,1000+,
一米渔金汤佛跳墙加热即食单人份正宗海鲜刺参鲍鱼半成品预制菜年夜饭 【更高端刺参版】佛跳墙250g*6盒,232.24,一米渔旗舰店,https://mall.jd.com/index-711945.html?from=pc,https://item.jd.com/10063854361276.html,711945,10063854361276,2000+,
李锦记即食鲍鱼罐头吉品鲍港式风味6只装380g 鲍汁捞饭盆菜海鲜预制菜肴,199.00,李锦记方便食品京东自营旗舰店,https://mall.jd.com/index-1000481067.html?from=pc,https://item.jd.com/100091180492.html,京东自营,100091180492,2000+,
麦子妈老坛酸菜鱼 酸辣味 510g*1盒 冷冻黑鱼片火锅食材 半成品预制菜,29.90,麦子妈京东自营旗舰店,https://mall.jd.com/index-1000352903.html?from=pc,https://item.jd.com/100058492612.html,京东自营,100058492612,1000+,
广州酒家清远鸡盐焗鸡预制菜加热即食半成品菜速食快手菜豉油鸡方便菜 1.1kg 盐焗鸡,128.00,广州酒家旗舰店,https://mall.jd.com/index-24246.html?from=pc,https://item.jd.com/10078836044386.html,24246,10078836044386,2000+,
古龙午餐肉罐头340g*2（不含鸡肉）即食火锅烧烤炒饭方便面预制菜,29.80,古龙京东自营旗舰店,https://mall.jd.com/index-1000133741.html?from=pc,https://item.jd.com/100003514606.html,京东自营,100003514606,20万+,
逮虾记虾饼虾排儿童早饭赖人半成品0脂餐上班速食预制菜240g*2盒,118.00,逮虾记京东自营旗舰店,https://mall.jd.com/index-1000402901.html?from=pc,https://item.jd.com/100031857158.html,京东自营,100031857158,1万+,
叮叮懒人菜火锅黑鱼片250g*3免浆黑鱼鱼片懒人火锅半成品预制菜,99.90,叮叮懒人菜京东自营官方旗舰店,https://mall.jd.com/index-1000416850.html?from=pc,https://item.jd.com/100066617375.html,京东自营,100066617375,10万+,
西贝莜面村 黄金咖喱鱼蛋300g 奶香咖喱 嫩滑紧实 儿童预制菜,39.90,西贝莜面村京东自营旗舰店,https://mall.jd.com/index-1000103622.html?from=pc,https://item.jd.com/100078375315.html,京东自营,100078375315,5万+,
老徽乡臭鳜鱼安徽黄山特产臭桂鱼腌制生鲜徽菜预制菜家宴年货带包装 3条共3.3斤（单条约1.1斤）,228.00,徽味鲜生鲜店,https://mall.jd.com/index-768314.html?from=pc,https://item.jd.com/10059519022021.html,768314,10059519022021,5万+,
温氏 供港梅菜扣肉420g 梅干菜扣肉五花肉猪肉 微辣方便菜 加热即食,40.80,温氏食品京东自营旗舰店,https://mall.jd.com/index-1000225304.html?from=pc,https://item.jd.com/100024355564.html,京东自营,100024355564,5万+,
筷手小厨海底捞 快手菜 浇头 黄焖鸡 番茄牛腩 牛肉 下饭菜 拌饭拌面搭档 土豆牛肉+咖喱牛肉+番茄牛腩,29.70,筷手小厨官方旗舰店,https://mall.jd.com/index-176497.html?from=pc,https://item.jd.com/10097752490498.html,176497,10097752490498,1000+,
麻六记毛血旺预制菜鸭血鸭肠木耳午餐肉快手菜川菜 毛血旺800g*2,127.30,麻六记旗舰店,https://mall.jd.com/index-12382481.html?from=pc,https://item.jd.com/10066928665889.html,12382481,10066928665889,5000+,
东方甄选爆汁烤肠 肉质营养 肉香醇香 8根/盒 纯香肉肠 香肠 生鲜 预制菜 【2盒】原味牛肉肠*2,89.00,东方甄选官方旗舰店,https://mall.jd.com/index-12044878.html?from=pc,https://item.jd.com/10093640168369.html,12044878,10093640168369,5万+,
1号会员店（One's Member）葱烧海参面欧洲海参加热即食拌面预制菜460g,49.90,1号会员店,https://mall.jd.com/index-1000343263.html?from=pc,https://item.jd.com/100017595851.html,京东自营,100017595851,2万+,
甘竹牌豆豉黄花鱼罐头184g*2广东特产即食零食罐头下饭酒菜预制菜,36.80,甘竹京东自营旗舰店,https://mall.jd.com/index-1000476125.html?from=pc,https://item.jd.com/100053464574.html,京东自营,100053464574,5万+,
西贝莜面村【拍4件省】浓醇汤底莜面鱼鱼四种口味 粗粮主食门店同款 预制菜 【新口味】肉臊鲜汤燕麦鱼鱼240g,29.90,西贝莜面村旗舰店,https://mall.jd.com/index-870989.html?from=pc,https://item.jd.com/10097611546555.html,870989,10097611546555,2万+,
古龙红烧猪肉罐头500g即食下饭菜熟制预制菜面条拌饭肉夹馍火锅搭档,23.80,古龙京东自营旗舰店,https://mall.jd.com/index-1000133741.html?from=pc,https://item.jd.com/100005683336.html,京东自营,100005683336,20万+,
GUO LIAN国联 鲜虾云吞145g/袋 皮薄馅多 汤醇味香 内含调味包 方便菜,28.00,国联水产京东自营旗舰店,https://mall.jd.com/index-1000074084.html?from=pc,https://item.jd.com/100027675932.html,京东自营,100027675932,50万+,
麦子妈 【任选专区4道菜】糖醋里脊锅包肉猪排牛肉饼预制菜空气炸锅 【单袋装290g】锅包肉,60.00,麦子妈旗舰店,https://mall.jd.com/index-10229902.html?from=pc,https://item.jd.com/10096681882475.html,10229902,10096681882475,1000+,
海文铭大盆菜佛跳墙7斤礼盒装加热即食速食鲍鱼海参花胶半成品预制菜,958.00,海文铭京东自营旗舰店,https://mall.jd.com/index-1000087062.html?from=pc,https://item.jd.com/100025806954.html,京东自营,100025806954,2000+,
贵粉{速煮款}花溪牛肉粉502g*1 贵州特产米粉米线预制菜速食早餐夜宵,19.90,贵粉京东自营旗舰店,https://mall.jd.com/index-1000463285.html?from=pc,https://item.jd.com/100058307681.html,京东自营,100058307681,1万+,
聪厨 鱼皮卷 230g 开袋即食 下酒菜 海鲜水产 凉菜 凉拌菜 速冻菜肴,10.90,聪厨京东自营旗舰店,https://mall.jd.com/index-1000087642.html?from=pc,https://item.jd.com/100007423999.html,京东自营,100007423999,50万+,
海文铭福州正宗金汤佛跳墙礼盒1920g加热即食鲍鱼海参花胶海鲜预制菜,1398.00,海文铭京东自营旗舰店,https://mall.jd.com/index-1000087062.html?from=pc,https://item.jd.com/100028679106.html,京东自营,100028679106,2000+,
谷言日式牛肉拌饭料 招牌肥牛180g*5 预制菜 加热即食,59.90,谷言京东自营旗舰店,https://mall.jd.com/index-1000106427.html?from=pc,https://item.jd.com/100075921467.html,京东自营,100075921467,2万+,
北戴河（BDH） 黄花鱼罐头豆豉鲮鱼海鲜鱼类罐头下酒菜即食户外方便熟食预制菜 黄花鱼300g*24罐（整箱）,631.00,北戴河食品官方旗舰店,https://mall.jd.com/index-651090.html?from=pc,https://item.jd.com/10029975211745.html,651090,10029975211745,5000+,
